id,target_date,event_ticker,ticker,title,strike_type,floor_strike,cap_strike,market_status,result,settlement_value,decision_time,entry_time,yes_bid,yes_ask,no_bid,no_ask,market_source,candle_source,created_at,decision_label,market_mid,market_spread,market_probability,quote_delay_minutes,outcome,point_forecast,residual_mean,residual_std,distribution_center,raw_consensus_mean,raw_consensus_std,raw_consensus_range,corrected_consensus_mean,corrected_consensus_std,GEFS_raw,GEFS_corrected,GEFS_bias,GEFS_weight,GFS_MOS_raw,GFS_MOS_corrected,GFS_MOS_bias,GFS_MOS_weight,HRRR_raw,HRRR_corrected,HRRR_bias,HRRR_weight,NBM_raw,NBM_corrected,NBM_bias,NBM_weight,GEFS_ensemble_std,NBM_forecast_std,contract_reference,v1_model_yes,v1_minus_market,market_logit,v1_logit,GEFS_raw_distance,GEFS_corrected_distance,GFS_MOS_raw_distance,GFS_MOS_corrected_distance,HRRR_raw_distance,HRRR_corrected_distance,NBM_raw_distance,NBM_corrected_distance,consensus_distance
73,2026-07-28,KXHIGHNY-26JUL28,KXHIGHNY-26JUL28-B77.5,"Will the **high temp in NYC** be 77-78° on Jul 28, 2026?",between,77.0,78.0,finalized,no,0.0,2026-07-27 20:05:00+00:00,2026-07-27 20:06:00+00:00,0.4,0.41,0.5900000000000001,0.6,LIVE,LIVE,2026-09-28T01:03:16.344913+00:00,20:05,0.405,0.009999999999999953,0.405,1.0,0,77.13997332231361,0.05807380035636148,2.919446314051847,77.19804712266998,79.51432236209995,2.057831426868706,4.8516790968372305,77.21260562144727,1.102033539901605,81.85167909683723,78.5579871830547,3.293691913782517,0.2692914246145917,77.0,75.82222222222222,1.1777777777777778,0.28852148176309367,81.20561035156254,77.98132419162326,3.2242861599392767,0.19179502126858275,78.0,76.4888888888889,1.511111111111111,0.25039207235373184,2.3457394843407475,3.0,77.5,0.2666734855210118,-0.13832651447898825,-0.3846743384390906,-1.0115660428206366,4.3516790968372305,1.0579871830547063,-0.5,-1.6777777777777771,3.705610351562541,0.48132419162325846,0.5,-1.0111111111111057,-0.30195287733002374
74,2026-07-28,KXHIGHNY-26JUL28,KXHIGHNY-26JUL28-B79.5,"Will the **high temp in NYC** be 79-80° on Jul 28, 2026?",between,79.0,80.0,finalized,yes,1.0,2026-07-27 20:05:00+00:00,2026-07-27 20:06:00+00:00,0.3,0.31,0.69,0.7,LIVE,LIVE,2026-09-28T01:03:16.344913+00:00,20:05,0.305,0.010000000000000009,0.305,1.0,1,77.13997332231361,0.05807380035636148,2.919446314051847,77.19804712266998,79.51432236209995,2.057831426868706,4.8516790968372305,77.21260562144727,1.102033539901605,81.85167909683723,78.5579871830547,3.293691913782517,0.2692914246145917,77.0,75.82222222222222,1.1777777777777778,0.28852148176309367,81.20561035156254,77.98132419162326,3.2242861599392767,0.19179502126858275,78.0,76.4888888888889,1.511111111111111,0.25039207235373184,2.3457394843407475,3.0,79.5,0.1987902049422361,-0.1062097950577639,-0.8236000689573807,-1.3938728071065944,2.3516790968372305,-0.9420128169452937,-2.5,-3.677777777777777,1.705610351562541,-1.5186758083767415,-1.5,-3.0111111111111057,-2.3019528773300237
75,2026-07-28,KXHIGHNY-26JUL28,KXHIGHNY-26JUL28-B81.5,"Will the **high temp in NYC** be 81-82° on Jul 28, 2026?",between,81.0,82.0,finalized,no,0.0,2026-07-27 20:05:00+00:00,2026-07-27 20:06:00+00:00,0.08,0.09,0.91,0.92,LIVE,LIVE,2026-09-28T01:03:16.344913+00:00,20:05,0.08499999999999999,0.009999999999999995,0.08499999999999999,1.0,0,77.13997332231361,0.05807380035636148,2.919446314051847,77.19804712266998,79.51432236209995,2.057831426868706,4.8516790968372305,77.21260562144727,1.102033539901605,81.85167909683723,78.5579871830547,3.293691913782517,0.2692914246145917,77.0,75.82222222222222,1.1777777777777778,0.28852148176309367,81.20561035156254,77.98132419162326,3.2242861599392767,0.19179502126858275,78.0,76.4888888888889,1.511111111111111,0.25039207235373184,2.3457394843407475,3.0,81.5,0.09434436173287586,0.009344361732875867,-2.3762728087852047,-2.261707632606602,0.35167909683723053,-2.9420128169452937,-4.5,-5.677777777777777,-0.2943896484374591,-3.5186758083767415,-3.5,-5.011111111111106,-4.301952877330024
76,2026-07-28,KXHIGHNY-26JUL28,KXHIGHNY-26JUL28-B83.5,"Will the **high temp in NYC** be 83-84° on Jul 28, 2026?",between,83.0,84.0,finalized,no,0.0,2026-07-27 20:05:00+00:00,2026-07-27 20:06:00+00:00,0.02,0.03,0.97,0.98,LIVE,LIVE,2026-09-28T01:03:16.344913+00:00,20:05,0.025,0.009999999999999998,0.025,1.0,0,77.13997332231361,0.05807380035636148,2.919446314051847,77.19804712266998,79.51432236209995,2.057831426868706,4.8516790968372305,77.21260562144727,1.102033539901605,81.85167909683723,78.5579871830547,3.293691913782517,0.2692914246145917,77.0,75.82222222222222,1.1777777777777778,0.28852148176309367,81.20561035156254,77.98132419162326,3.2242861599392767,0.19179502126858275,78.0,76.4888888888889,1.511111111111111,0.25039207235373184,2.3457394843407475,3.0,83.5,0.028489266010518044,0.0034892660105180426,-3.6635616461296463,-3.5293249325177296,-1.6483209031627695,-4.942012816945294,-6.5,-7.677777777777777,-2.294389648437459,-5.5186758083767415,-5.5,-7.011111111111106,-6.301952877330024
72,2026-07-28,KXHIGHNY-26JUL28,KXHIGHNY-26JUL28-T77,"Will the **high temp in NYC** be <77° on Jul 28, 2026?",less,,77.0,finalized,no,0.0,2026-07-27 20:05:00+00:00,2026-07-27 20:08:00+00:00,0.16,0.17,0.83,0.84,LIVE,LIVE,2026-09-28T01:03:16.344913+00:00,20:05,0.165,0.010000000000000009,0.165,3.0,0,77.13997332231361,0.05807380035636148,2.919446314051847,77.19804712266998,79.51432236209995,2.057831426868706,4.8516790968372305,77.21260562144727,1.102033539901605,81.85167909683723,78.5579871830547,3.293691913782517,0.2692914246145917,77.0,75.82222222222222,1.1777777777777778,0.28852148176309367,81.20561035156254,77.98132419162326,3.2242861599392767,0.19179502126858275,78.0,76.4888888888889,1.511111111111111,0.25039207235373184,2.3457394843407475,3.0,76.5,0.4055130237013598,0.24051302370135977,-1.6214862509502748,-0.38254581823231865,5.3516790968372305,2.0579871830547063,0.5,-0.6777777777777771,4.705610351562541,1.4813241916232585,1.5,-0.011111111111105743,0.6980471226699763
77,2026-07-28,KXHIGHNY-26JUL28,KXHIGHNY-26JUL28-T84,"Will the **high temp in NYC** be >84° on Jul 28, 2026?",greater,84.0,,finalized,no,0.0,2026-07-27 20:05:00+00:00,2026-07-27 20:13:00+00:00,0.01,0.02,0.98,0.99,LIVE,LIVE,2026-09-28T01:03:16.344913+00:00,20:05,0.015,0.01,0.015,8.0,0,77.13997332231361,0.05807380035636148,2.919446314051847,77.19804712266998,79.51432236209995,2.057831426868706,4.8516790968372305,77.21260562144727,1.102033539901605,81.85167909683723,78.5579871830547,3.293691913782517,0.2692914246145917,77.0,75.82222222222222,1.1777777777777778,0.28852148176309367,81.20561035156254,77.98132419162326,3.2242861599392767,0.19179502126858275,78.0,76.4888888888889,1.511111111111111,0.25039207235373184,2.3457394843407475,3.0,84.5,0.006189658091998451,-0.008810341908001548,-4.1845914400698785,-5.078666535912408,-2.6483209031627695,-5.942012816945294,-7.5,-8.677777777777777,-3.294389648437459,-6.5186758083767415,-6.5,-8.011111111111106,-7.301952877330024
79,2026-07-29,KXHIGHNY-26JUL29,KXHIGHNY-26JUL29-B76.5,"Will the **high temp in NYC** be 76-77° on Jul 29, 2026?",between,76.0,77.0,finalized,no,0.0,2026-07-28 20:05:00+00:00,2026-07-28 20:06:00+00:00,0.17,0.19,0.81,0.83,LIVE,LIVE,2026-09-28T01:03:18.784893+00:00,20:05,0.18,0.01999999999999999,0.1836734693877551,1.0,0,77.02705552770522,0.17069585518948838,2.856202951066251,77.19775138289471,79.14596904139367,2.786034341843252,7.597064642137127,76.88310870027475,2.1473549471535667,83.59706464213713,80.31298170263602,3.284082939501098,0.2730489822273178,78.0,76.8913043478261,1.108695652173913,0.28439584503230186,78.98681152343754,75.78467048976732,3.2021410336702174,0.19377195128672375,76.0,74.54347826086956,1.4565217391304348,0.24878322145365653,3.235294731471852,4.0,76.5,0.2660186870295105,0.08234521764175537,-1.491654876777717,-1.0149170108173706,7.097064642137127,3.812981702636023,1.5,0.39130434782609314,2.486811523437538,-0.715329510232678,-0.5,-1.9565217391304373,0.6977513828947082
80,2026-07-29,KXHIGHNY-26JUL29,KXHIGHNY-26JUL29-B78.5,"Will the **high temp in NYC** be 78-79° on Jul 29, 2026?",between,78.0,79.0,finalized,no,0.0,2026-07-28 20:05:00+00:00,2026-07-28 20:06:00+00:00,0.31,0.32,0.6799999999999999,0.69,LIVE,LIVE,2026-09-28T01:03:18.784893+00:00,20:05,0.315,0.010000000000000009,0.32142857142857145,1.0,0,77.02705552770522,0.17069585518948838,2.856202951066251,77.19775138289471,79.14596904139367,2.786034341843252,7.597064642137127,76.88310870027475,2.1473549471535667,83.59706464213713,80.31298170263602,3.284082939501098,0.2730489822273178,78.0,76.8913043478261,1.108695652173913,0.28439584503230186,78.98681152343754,75.78467048976732,3.2021410336702174,0.19377195128672375,76.0,74.54347826086956,1.4565217391304348,0.24878322145365653,3.235294731471852,4.0,78.5,0.24775547771267126,-0.0736730937159002,-0.747214401830221,-1.1106191509071455,5.097064642137127,1.8129817026360229,-0.5,-1.6086956521739069,0.4868115234375381,-2.715329510232678,-2.5,-3.9565217391304373,-1.3022486171052918
81,2026-07-29,KXHIGHNY-26JUL29,KXHIGHNY-26JUL29-B80.5,"Will the **high temp in NYC** be 80-81° on Jul 29, 2026?",between,80.0,81.0,finalized,yes,1.0,2026-07-28 20:05:00+00:00,2026-07-28 20:06:00+00:00,0.28,0.29,0.71,0.72,LIVE,LIVE,2026-09-28T01:03:18.784893+00:00,20:05,0.28500000000000003,0.009999999999999953,0.2908163265306123,1.0,1,77.02705552770522,0.17069585518948838,2.856202951066251,77.19775138289471,79.14596904139367,2.786034341843252,7.597064642137127,76.88310870027475,2.1473549471535667,83.59706464213713,80.31298170263602,3.284082939501098,0.2730489822273178,78.0,76.8913043478261,1.108695652173913,0.28439584503230186,78.98681152343754,75.78467048976732,3.2021410336702174,0.19377195128672375,76.0,74.54347826086956,1.4565217391304348,0.24878322145365653,3.235294731471852,4.0,80.5,0.14410905121480166,-0.14670727531581063,-0.8914226652961413,-1.7815726586754166,3.097064642137127,-0.18701829736397713,-2.5,-3.608695652173907,-1.513188476562462,-4.715329510232678,-4.5,-5.956521739130437,-3.302248617105292
82,2026-07-29,KXHIGHNY-26JUL29,KXHIGHNY-26JUL29-B82.5,"Will the **high temp in NYC** be 82-83° on Jul 29, 2026?",between,82.0,83.0,finalized,no,0.0,2026-07-28 20:05:00+00:00,2026-07-28 20:09:00+00:00,0.1,0.11,0.89,0.9,LIVE,LIVE,2026-09-28T01:03:18.784893+00:00,20:05,0.10500000000000001,0.009999999999999995,0.10714285714285715,4.0,0,77.02705552770522,0.17069585518948838,2.856202951066251,77.19775138289471,79.14596904139367,2.786034341843252,7.597064642137127,76.88310870027475,2.1473549471535667,83.59706464213713,80.31298170263602,3.284082939501098,0.2730489822273178,78.0,76.8913043478261,1.108695652173913,0.28439584503230186,78.98681152343754,75.78467048976732,3.2021410336702174,0.19377195128672375,76.0,74.54347826086956,1.4565217391304348,0.24878322145365653,3.235294731471852,4.0,82.5,0.05232327551988336,-0.05481958162297379,-2.120263536200091,-2.8965721254745707,1.097064642137127,-2.187018297363977,-4.5,-5.608695652173907,-3.513188476562462,-6.715329510232678,-6.5,-7.956521739130437,-5.302248617105292
78,2026-07-29,KXHIGHNY-26JUL29,KXHIGHNY-26JUL29-T76,"Will the **high temp in NYC** be <76° on Jul 29, 2026?",less,,76.0,finalized,no,0.0,2026-07-28 20:05:00+00:00,2026-07-28 20:06:00+00:00,0.05,0.06,0.94,0.95,LIVE,LIVE,2026-09-28T01:03:18.784893+00:00,20:05,0.055,0.009999999999999995,0.05612244897959184,1.0,0,77.02705552770522,0.17069585518948838,2.856202951066251,77.19775138289471,79.14596904139367,2.786034341843252,7.597064642137127,76.88310870027475,2.1473549471535667,83.59706464213713,80.31298170263602,3.284082939501098,0.2730489822273178,78.0,76.8913043478261,1.108695652173913,0.28439584503230186,78.98681152343754,75.78467048976732,3.2021410336702174,0.19377195128672375,76.0,74.54347826086956,1.4565217391304348,0.24878322145365653,3.235294731471852,4.0,75.5,0.2761194540317452,0.21999700505215336,-2.822460552279954,-0.9637928104693662,8.097064642137127,4.812981702636023,2.5,1.3913043478260931,3.486811523437538,0.284670489767322,0.5,-0.9565217391304373,1.6977513828947082
83,2026-07-29,KXHIGHNY-26JUL29,KXHIGHNY-26JUL29-T83,"Will the **high temp in NYC** be >83° on Jul 29, 2026?",greater,83.0,,finalized,no,0.0,2026-07-28 20:05:00+00:00,2026-07-28 20:06:00+00:00,0.02,0.06,0.94,0.98,LIVE,LIVE,2026-09-28T01:03:18.784893+00:00,20:05,0.04,0.039999999999999994,0.04081632653061225,1.0,0,77.02705552770522,0.17069585518948838,2.856202951066251,77.19775138289471,79.14596904139367,2.786034341843252,7.597064642137127,76.88310870027475,2.1473549471535667,83.59706464213713,80.31298170263602,3.284082939501098,0.2730489822273178,78.0,76.8913043478261,1.108695652173913,0.28439584503230186,78.98681152343754,75.78467048976732,3.2021410336702174,0.19377195128672375,76.0,74.54347826086956,1.4565217391304348,0.24878322145365653,3.235294731471852,4.0,83.5,0.013674054491388032,-0.027142272039224216,-3.157000421150113,-4.278486668993304,0.09706464213712707,-3.187018297363977,-5.5,-6.608695652173907,-4.513188476562462,-7.715329510232678,-7.5,-8.956521739130437,-6.302248617105292
85,2026-07-30,KXHIGHNY-26JUL30,KXHIGHNY-26JUL30-B77.5,"Will the **high temp in NYC** be 77-78° on Jul 30, 2026?",between,77.0,78.0,finalized,no,0.0,2026-07-29 20:05:00+00:00,2026-07-29 20:06:00+00:00,0.33,0.34,0.6599999999999999,0.6699999999999999,LIVE,LIVE,2026-09-28T01:03:21.212364+00:00,20:05,0.335,0.010000000000000009,0.3130841121495328,1.0,0,75.32125940712501,0.33553400913685877,2.8477963990636335,75.65679341626188,77.53197230185233,2.443606938994558,6.761695359753077,75.3354287968978,1.6067829916068654,80.76169535975308,77.47095323508951,3.290742124663567,0.27987860947019705,74.0,72.95744680851064,1.0425531914893618,0.28383008001447513,78.36619384765629,75.25374067590592,3.1124531717503734,0.1930251328903646,77.0,75.65957446808511,1.3404255319148937,0.24326617762496322,2.376308204461224,3.0,77.5,0.22453477940719457,-0.08854933274233823,-0.7857399673877699,-1.2394325192984972,3.2616953597530767,-0.029046764910489742,-3.5,-4.542553191489361,0.8661938476562909,-2.2462593240940834,-0.5,-1.8404255319148888,-1.843206583738123
86,2026-07-30,KXHIGHNY-26JUL30,KXHIGHNY-26JUL30-B79.5,"Will the **high temp in NYC** be 79-80° on Jul 30, 2026?",between,79.0,80.0,finalized,no,0.0,2026-07-29 20:05:00+00:00,2026-07-29 20:06:00+00:00,0.09,0.1,0.9,0.91,LIVE,LIVE,2026-09-28T01:03:21.212364+00:00,20:05,0.095,0.010000000000000009,0.08878504672897197,1.0,0,75.32125940712501,0.33553400913685877,2.8477963990636335,75.65679341626188,77.53197230185233,2.443606938994558,6.761695359753077,75.3354287968978,1.6067829916068654,80.76169535975308,77.47095323508951,3.290742124663567,0.27987860947019705,74.0,72.95744680851064,1.0425531914893618,0.28383008001447513,78.36619384765629,75.25374067590592,3.1124531717503734,0.1930251328903646,77.0,75.65957446808511,1.3404255319148937,0.24326617762496322,2.376308204461224,3.0,79.5,0.11454454244855694,0.02575949571958497,-2.3285605793973065,-2.0451383895618216,1.2616953597530767,-2.0290467649104897,-5.5,-6.542553191489361,-1.133806152343709,-4.246259324094083,-2.5,-3.840425531914889,-3.843206583738123
87,2026-07-30,KXHIGHNY-26JUL30,KXHIGHNY-26JUL30-B81.5,"Will the **high temp in NYC** be 81-82° on Jul 30, 2026?",between,81.0,82.0,finalized,no,0.0,2026-07-29 20:05:00+00:00,2026-07-29 20:06:00+00:00,0.03,0.04,0.96,0.97,LIVE,LIVE,2026-09-28T01:03:21.212364+00:00,20:05,0.035,0.010000000000000002,0.032710280373831786,1.0,0,75.32125940712501,0.33553400913685877,2.8477963990636335,75.65679341626188,77.53197230185233,2.443606938994558,6.761695359753077,75.3354287968978,1.6067829916068654,80.76169535975308,77.47095323508951,3.290742124663567,0.27987860947019705,74.0,72.95744680851064,1.0425531914893618,0.28383008001447513,78.36619384765629,75.25374067590592,3.1124531717503734,0.1930251328903646,77.0,75.65957446808511,1.3404255319148937,0.24326617762496322,2.376308204461224,3.0,81.5,0.036370042078845866,0.0036597617050140793,-3.3868086442100553,-3.276961943875361,-0.7383046402469233,-4.02904676491049,-7.5,-8.542553191489361,-3.133806152343709,-6.246259324094083,-4.5,-5.840425531914889,-5.843206583738123
88,2026-07-30,KXHIGHNY-26JUL30,KXHIGHNY-26JUL30-B83.5,"Will the **high temp in NYC** be 83-84° on Jul 30, 2026?",between,83.0,84.0,finalized,no,0.0,2026-07-29 20:05:00+00:00,2026-07-29 20:06:00+00:00,0.01,0.02,0.98,0.99,LIVE,LIVE,2026-09-28T01:03:21.212364+00:00,20:05,0.015,0.01,0.014018691588785048,1.0,0,75.32125940712501,0.33553400913685877,2.8477963990636335,75.65679341626188,77.53197230185233,2.443606938994558,6.761695359753077,75.3354287968978,1.6067829916068654,80.76169535975308,77.47095323508951,3.290742124663567,0.27987860947019705,74.0,72.95744680851064,1.0425531914893618,0.28383008001447513,78.36619384765629,75.25374067590592,3.1124531717503734,0.1930251328903646,77.0,75.65957446808511,1.3404255319148937,0.24326617762496322,2.376308204461224,3.0,83.5,0.007180476424832216,-0.006838215163952832,-4.253245844807957,-4.929183163569161,-2.7383046402469233,-6.02904676491049,-9.5,-10.542553191489361,-5.133806152343709,-8.246259324094083,-6.5,-7.840425531914889,-7.843206583738123
84,2026-07-30,KXHIGHNY-26JUL30,KXHIGHNY-26JUL30-T77,"Will the **high temp in NYC** be <77° on Jul 30, 2026?",less,,77.0,finalized,yes,1.0,2026-07-29 20:05:00+00:00,2026-07-29 20:06:00+00:00,0.57,0.58,0.42000000000000004,0.43000000000000005,LIVE,LIVE,2026-09-28T01:03:21.212364+00:00,20:05,0.575,0.010000000000000009,0.5373831775700935,1.0,1,75.32125940712501,0.33553400913685877,2.8477963990636335,75.65679341626188,77.53197230185233,2.443606938994558,6.761695359753077,75.3354287968978,1.6067829916068654,80.76169535975308,77.47095323508951,3.290742124663567,0.27987860947019705,74.0,72.95744680851064,1.0425531914893618,0.28383008001447513,78.36619384765629,75.25374067590592,3.1124531717503734,0.1930251328903646,77.0,75.65957446808511,1.3404255319148937,0.24326617762496322,2.376308204461224,3.0,76.5,0.6164196663148305,0.07903648874473701,0.14981227822866008,0.4743789341255715,4.261695359753077,0.9709532350895103,-2.5,-3.542553191489361,1.866193847656291,-1.2462593240940834,0.5,-0.8404255319148888,-0.8432065837381231
89,2026-07-30,KXHIGHNY-26JUL30,KXHIGHNY-26JUL30-T84,"Will the **high temp in NYC** be >84° on Jul 30, 2026?",greater,84.0,,finalized,no,0.0,2026-07-29 20:05:00+00:00,2026-07-29 20:17:00+00:00,0.01,0.02,0.98,0.99,LIVE,LIVE,2026-09-28T01:03:21.212364+00:00,20:05,0.015,0.01,0.014018691588785048,12.0,0,75.32125940712501,0.33553400913685877,2.8477963990636335,75.65679341626188,77.53197230185233,2.443606938994558,6.761695359753077,75.3354287968978,1.6067829916068654,80.76169535975308,77.47095323508951,3.290742124663567,0.27987860947019705,74.0,72.95744680851064,1.0425531914893618,0.28383008001447513,78.36619384765629,75.25374067590592,3.1124531717503734,0.1930251328903646,77.0,75.65957446808511,1.3404255319148937,0.24326617762496322,2.376308204461224,3.0,84.5,0.0009504933257399317,-0.013068198263045117,-4.253245844807957,-6.906754778648554,-3.7383046402469233,-7.02904676491049,-10.5,-11.542553191489361,-6.133806152343709,-9.246259324094083,-7.5,-8.840425531914889,-8.843206583738123
91,2026-07-31,KXHIGHNY-26JUL31,KXHIGHNY-26JUL31-B82.5,"Will the **high temp in NYC** be 82-83° on Jul 31, 2026?",between,82.0,83.0,finalized,no,0.0,2026-07-30 20:05:00+00:00,2026-07-30 20:06:00+00:00,0.28,0.29,0.71,0.72,LIVE,LIVE,2026-09-28T01:03:23.660463+00:00,20:05,0.28500000000000003,0.009999999999999953,0.27536231884057977,1.0,0,83.18516134160099,0.24348993045564368,2.7902306007265096,83.42865127205663,85.42326726113598,2.036716540676912,5.151838575793889,83.19890232291273,1.0471821582913468,88.15183857579389,84.78878492539928,3.3630536503945976,0.2743633437822701,83.0,81.97916666666667,1.0208333333333333,0.2866509759572691,86.54123046875004,83.40265769958496,3.13857276916508,0.19497888290622226,84.0,82.625,1.375,0.24400679735423855,1.449704922989433,2.0,82.5,0.2654852133154021,-0.009877105525177676,-0.9675840262617053,-1.0176509816407693,5.651838575793889,2.288784925399284,0.5,-0.5208333333333286,4.041230468750044,0.9026576995849638,1.5,0.125,0.9286512720566265
92,2026-07-31,KXHIGHNY-26JUL31,KXHIGHNY-26JUL31-B84.5,"Will the **high temp in NYC** be 84-85° on Jul 31, 2026?",between,84.0,85.0,finalized,yes,1.0,2026-07-30 20:05:00+00:00,2026-07-30 20:06:00+00:00,0.46,0.48,0.52,0.54,LIVE,LIVE,2026-09-28T01:03:23.660463+00:00,20:05,0.47,0.019999999999999962,0.45410628019323673,1.0,1,83.18516134160099,0.24348993045564368,2.7902306007265096,83.42865127205663,85.42326726113598,2.036716540676912,5.151838575793889,83.19890232291273,1.0471821582913468,88.15183857579389,84.78878492539928,3.3630536503945976,0.2743633437822701,83.0,81.97916666666667,1.0208333333333333,0.2866509759572691,86.54123046875004,83.40265769958496,3.13857276916508,0.19497888290622226,84.0,82.625,1.375,0.24400679735423855,1.449704922989433,2.0,84.5,0.26086442690210254,-0.1932418532911342,-0.1840930364423366,-1.0414805237115887,3.6518385757938887,0.288784925399284,-1.5,-2.5208333333333286,2.0412304687500438,-1.0973423004150362,-0.5,-1.875,-1.0713487279433735
93,2026-07-31,KXHIGHNY-26JUL31,KXHIGHNY-26JUL31-B86.5,"Will the **high temp in NYC** be 86-87° on Jul 31, 2026?",between,86.0,87.0,finalized,no,0.0,2026-07-30 20:05:00+00:00,2026-07-30 20:06:00+00:00,0.15,0.16,0.84,0.85,LIVE,LIVE,2026-09-28T01:03:23.660463+00:00,20:05,0.155,0.010000000000000009,0.1497584541062802,1.0,0,83.18516134160099,0.24348993045564368,2.7902306007265096,83.42865127205663,85.42326726113598,2.036716540676912,5.151838575793889,83.19890232291273,1.0471821582913468,88.15183857579389,84.78878492539928,3.3630536503945976,0.2743633437822701,83.0,81.97916666666667,1.0208333333333333,0.2866509759572691,86.54123046875004,83.40265769958496,3.13857276916508,0.19497888290622226,84.0,82.625,1.375,0.24400679735423855,1.449704922989433,2.0,86.5,0.15667265369044625,0.006914199584166059,-1.7364967905530055,-1.6831965734393532,1.6518385757938887,-1.711215074600716,-3.5,-4.520833333333329,0.04123046875004377,-3.097342300415036,-2.5,-3.875,-3.0713487279433735
94,2026-07-31,KXHIGHNY-26JUL31,KXHIGHNY-26JUL31-B88.5,"Will the **high temp in NYC** be 88-89° on Jul 31, 2026?",between,88.0,89.0,finalized,no,0.0,2026-07-30 20:05:00+00:00,2026-07-30 20:06:00+00:00,0.02,0.03,0.97,0.98,LIVE,LIVE,2026-09-28T01:03:23.660463+00:00,20:05,0.025,0.009999999999999998,0.02415458937198068,1.0,0,83.18516134160099,0.24348993045564368,2.7902306007265096,83.42865127205663,85.42326726113598,2.036716540676912,5.151838575793889,83.19890232291273,1.0471821582913468,88.15183857579389,84.78878492539928,3.3630536503945976,0.2743633437822701,83.0,81.97916666666667,1.0208333333333333,0.2866509759572691,86.54123046875004,83.40265769958496,3.13857276916508,0.19497888290622226,84.0,82.625,1.375,0.24400679735423855,1.449704922989433,2.0,88.5,0.057482497628453366,0.03332790825647269,-3.698829784967104,-2.7970739769080573,-0.3481614242061113,-3.711215074600716,-5.5,-6.520833333333329,-1.9587695312499562,-5.097342300415036,-4.5,-5.875,-5.0713487279433735
90,2026-07-31,KXHIGHNY-26JUL31,KXHIGHNY-26JUL31-T82,"Will the **high temp in NYC** be <82° on Jul 31, 2026?",less,,82.0,finalized,no,0.0,2026-07-30 20:05:00+00:00,2026-07-30 20:07:00+00:00,0.07,0.1,0.9,0.9299999999999999,LIVE,LIVE,2026-09-28T01:03:23.660463+00:00,20:05,0.085,0.03,0.08212560386473432,2.0,0,83.18516134160099,0.24348993045564368,2.7902306007265096,83.42865127205663,85.42326726113598,2.036716540676912,5.151838575793889,83.19890232291273,1.0471821582913468,88.15183857579389,84.78878492539928,3.3630536503945976,0.2743633437822701,83.0,81.97916666666667,1.0208333333333333,0.2866509759572691,86.54123046875004,83.40265769958496,3.13857276916508,0.19497888290622226,84.0,82.625,1.375,0.24400679735423855,1.449704922989433,2.0,81.5,0.2447149911258364,0.16258938726110206,-2.4138107281042696,-1.1270009413561117,6.651838575793889,3.288784925399284,1.5,0.4791666666666714,5.041230468750044,1.9026576995849638,2.5,1.125,1.9286512720566265
95,2026-07-31,KXHIGHNY-26JUL31,KXHIGHNY-26JUL31-T89,"Will the **high temp in NYC** be >89° on Jul 31, 2026?",greater,89.0,,finalized,no,0.0,2026-07-30 20:05:00+00:00,2026-07-30 20:15:00+00:00,0.01,0.02,0.98,0.99,LIVE,LIVE,2026-09-28T01:03:23.660463+00:00,20:05,0.015,0.01,0.014492753623188406,10.0,0,83.18516134160099,0.24348993045564368,2.7902306007265096,83.42865127205663,85.42326726113598,2.036716540676912,5.151838575793889,83.19890232291273,1.0471821582913468,88.15183857579389,84.78878492539928,3.3630536503945976,0.2743633437822701,83.0,81.97916666666667,1.0208333333333333,0.2866509759572691,86.54123046875004,83.40265769958496,3.13857276916508,0.19497888290622226,84.0,82.625,1.375,0.24400679735423855,1.449704922989433,2.0,89.5,0.01478021733775936,0.00028746371457095445,-4.219507705176107,-4.199575125621609,-1.3481614242061113,-4.711215074600716,-6.5,-7.520833333333329,-2.9587695312499562,-6.097342300415036,-5.5,-6.875,-6.0713487279433735
97,2026-08-01,KXHIGHNY-26AUG01,KXHIGHNY-26AUG01-B82.5,"Will the **high temp in NYC** be 82-83° on Aug 1, 2026?",between,82.0,83.0,finalized,no,0.0,2026-07-31 20:05:00+00:00,2026-07-31 20:06:00+00:00,0.21,0.22,0.78,0.79,LIVE,LIVE,2026-09-28T01:03:26.426470+00:00,20:05,0.215,0.010000000000000009,0.20379146919431282,1.0,0,84.87302103159509,0.32619249508424203,2.7354743438347104,85.19921352667933,86.96323445966169,1.163520808875916,3.0,84.7756266168892,1.3253021402535572,87.5949593230217,84.23621618435365,3.358743138668052,0.27877089144112055,88.0,87.04081632653062,0.9591836734693877,0.28176185711155116,87.25797851562504,84.1520045689174,3.10597394670763,0.19619098946967084,85.0,83.6734693877551,1.3265306122448979,0.24327626197765762,1.4354070538649146,3.0,82.5,0.17910377490495838,-0.02468769428935444,-1.3627638637096964,-1.5224313149239854,5.094959323021698,1.7362161843536512,5.5,4.540816326530617,4.757978515625041,1.6520045689174054,2.5,1.1734693877551052,2.69921352667933
98,2026-08-01,KXHIGHNY-26AUG01,KXHIGHNY-26AUG01-B84.5,"Will the **high temp in NYC** be 84-85° on Aug 1, 2026?",between,84.0,85.0,finalized,no,0.0,2026-07-31 20:05:00+00:00,2026-07-31 20:07:00+00:00,0.36,0.37,0.63,0.64,LIVE,LIVE,2026-09-28T01:03:26.426470+00:00,20:05,0.365,0.010000000000000009,0.3459715639810427,2.0,0,84.87302103159509,0.32619249508424203,2.7354743438347104,85.19921352667933,86.96323445966169,1.163520808875916,3.0,84.7756266168892,1.3253021402535572,87.5949593230217,84.23621618435365,3.358743138668052,0.27877089144112055,88.0,87.04081632653062,0.9591836734693877,0.28176185711155116,87.25797851562504,84.1520045689174,3.10597394670763,0.19619098946967084,85.0,83.6734693877551,1.3265306122448979,0.24327626197765762,1.4354070538649146,3.0,84.5,0.27653692810874797,-0.0694346358722947,-0.6367942440088136,-0.9617051362529325,3.0949593230216976,-0.2637838156463488,3.5,2.540816326530617,2.757978515625041,-0.34799543108259456,0.5,-0.8265306122448948,0.6992135266793298
99,2026-08-01,KXHIGHNY-26AUG01,KXHIGHNY-26AUG01-B86.5,"Will the **high temp in NYC** be 86-87° on Aug 1, 2026?",between,86.0,87.0,finalized,yes,1.0,2026-07-31 20:05:00+00:00,2026-07-31 20:10:00+00:00,0.31,0.32,0.6799999999999999,0.69,LIVE,LIVE,2026-09-28T01:03:26.426470+00:00,20:05,0.315,0.010000000000000009,0.29857819905213273,5.0,1,84.87302103159509,0.32619249508424203,2.7354743438347104,85.19921352667933,86.96323445966169,1.163520808875916,3.0,84.7756266168892,1.3253021402535572,87.5949593230217,84.23621618435365,3.358743138668052,0.27877089144112055,88.0,87.04081632653062,0.9591836734693877,0.28176185711155116,87.25797851562504,84.1520045689174,3.10597394670763,0.19619098946967084,85.0,83.6734693877551,1.3265306122448979,0.24327626197765762,1.4354070538649146,3.0,86.5,0.2560733526170432,-0.042504846435089505,-0.8540775473725821,-1.066478500648392,1.0949593230216976,-2.263783815646349,1.5,0.5408163265306172,0.7579785156250409,-2.3479954310825946,-1.5,-2.8265306122448948,-1.3007864733206702
100,2026-08-01,KXHIGHNY-26AUG01,KXHIGHNY-26AUG01-B88.5,"Will the **high temp in NYC** be 88-89° on Aug 1, 2026?",between,88.0,89.0,finalized,no,0.0,2026-07-31 20:05:00+00:00,2026-07-31 20:12:00+00:00,0.04,0.05,0.95,0.96,LIVE,LIVE,2026-09-28T01:03:26.426470+00:00,20:05,0.045,0.010000000000000002,0.04265402843601896,7.0,0,84.87302103159509,0.32619249508424203,2.7354743438347104,85.19921352667933,86.96323445966169,1.163520808875916,3.0,84.7756266168892,1.3253021402535572,87.5949593230217,84.23621618435365,3.358743138668052,0.27877089144112055,88.0,87.04081632653062,0.9591836734693877,0.28176185711155116,87.25797851562504,84.1520045689174,3.10597394670763,0.19619098946967084,85.0,83.6734693877551,1.3265306122448979,0.24327626197765762,1.4354070538649146,3.0,88.5,0.1421991432807438,0.09954511484472484,-3.111043120064985,-1.797143478220025,-0.9050406769783024,-4.263783815646349,-0.5,-1.4591836734693828,-1.242021484374959,-4.347995431082595,-3.5,-4.826530612244895,-3.30078647332067
96,2026-08-01,KXHIGHNY-26AUG01,KXHIGHNY-26AUG01-T82,"Will the **high temp in NYC** be <82° on Aug 1, 2026?",less,,82.0,finalized,no,0.0,2026-07-31 20:05:00+00:00,2026-07-31 20:06:00+00:00,0.09,0.11,0.89,0.91,LIVE,LIVE,2026-09-28T01:03:26.426470+00:00,20:05,0.1,0.020000000000000004,0.09478672985781991,1.0,0,84.87302103159509,0.32619249508424203,2.7354743438347104,85.19921352667933,86.96323445966169,1.163520808875916,3.0,84.7756266168892,1.3253021402535572,87.5949593230217,84.23621618435365,3.358743138668052,0.27877089144112055,88.0,87.04081632653062,0.9591836734693877,0.28176185711155116,87.25797851562504,84.1520045689174,3.10597394670763,0.19619098946967084,85.0,83.6734693877551,1.3265306122448979,0.24327626197765762,1.4354070538649146,3.0,81.5,0.08813783689721472,-0.006648892960605196,-2.256541154492639,-2.3365869242605055,6.094959323021698,2.736216184353651,6.5,5.540816326530617,5.757978515625041,2.6520045689174054,3.5,2.1734693877551052,3.69921352667933
101,2026-08-01,KXHIGHNY-26AUG01,KXHIGHNY-26AUG01-T89,"Will the **high temp in NYC** be >89° on Aug 1, 2026?",greater,89.0,,finalized,no,0.0,2026-07-31 20:05:00+00:00,2026-07-31 20:07:00+00:00,0.01,0.02,0.98,0.99,LIVE,LIVE,2026-09-28T01:03:26.426470+00:00,20:05,0.015,0.01,0.014218009478672987,2.0,0,84.87302103159509,0.32619249508424203,2.7354743438347104,85.19921352667933,86.96323445966169,1.163520808875916,3.0,84.7756266168892,1.3253021402535572,87.5949593230217,84.23621618435365,3.358743138668052,0.27877089144112055,88.0,87.04081632653062,0.9591836734693877,0.28176185711155116,87.25797851562504,84.1520045689174,3.10597394670763,0.19619098946967084,85.0,83.6734693877551,1.3265306122448979,0.24327626197765762,1.4354070538649146,3.0,89.5,0.05794896419129192,0.04373095471261893,-4.238925791033208,-2.7884967558032487,-1.9050406769783024,-5.263783815646349,-1.5,-2.459183673469383,-2.242021484374959,-5.347995431082595,-4.5,-5.826530612244895,-4.30078647332067
103,2026-08-02,KXHIGHNY-26AUG02,KXHIGHNY-26AUG02-B80.5,"Will the **high temp in NYC** be 80-81° on Aug 2, 2026?",between,80.0,81.0,finalized,no,0.0,2026-08-01 20:05:00+00:00,2026-08-01 20:06:00+00:00,0.41,0.42,0.5800000000000001,0.5900000000000001,LIVE,LIVE,2026-09-28T01:03:28.857122+00:00,20:05,0.415,0.010000000000000009,0.3933649289099526,1.0,0,80.99256494062656,0.36623181875027555,2.6685295968010827,81.35879675937684,83.08565282021802,0.7340834958498994,2.0478407730595194,80.92253244510775,0.6652477410293067,84.04784077305952,80.7243733107044,3.3234674623551252,0.2780960226000851,83.0,82.02,0.98,0.2834104261770807,83.29477050781254,80.22575646972656,3.069014038085978,0.19643112710531305,82.0,80.72,1.28,0.24206242411752119,1.076904290904878,2.0,80.5,0.27806146495467343,-0.11530346395527918,-0.43318965612301924,-0.9540978175412014,3.5478407730595194,0.2243733107043937,2.5,1.519999999999996,2.7947705078125438,-0.27424353027343784,1.5,0.21999999999999886,0.858796759376844
104,2026-08-02,KXHIGHNY-26AUG02,KXHIGHNY-26AUG02-B82.5,"Will the **high temp in NYC** be 82-83° on Aug 2, 2026?",between,82.0,83.0,finalized,yes,1.0,2026-08-01 20:05:00+00:00,2026-08-01 20:06:00+00:00,0.37,0.39,0.61,0.63,LIVE,LIVE,2026-09-28T01:03:28.857122+00:00,20:05,0.38,0.020000000000000018,0.36018957345971564,1.0,1,80.99256494062656,0.36623181875027555,2.6685295968010827,81.35879675937684,83.08565282021802,0.7340834958498994,2.0478407730595194,80.92253244510775,0.6652477410293067,84.04784077305952,80.7243733107044,3.3234674623551252,0.2780960226000851,83.0,82.02,0.98,0.2834104261770807,83.29477050781254,80.22575646972656,3.069014038085978,0.19643112710531305,82.0,80.72,1.28,0.24206242411752119,1.076904290904878,2.0,82.5,0.2677366101404305,-0.09245296331928515,-0.5745414381520985,-1.0061365721885593,1.5478407730595194,-1.7756266892956063,0.5,-0.480000000000004,0.7947705078125438,-2.274243530273438,-0.5,-1.7800000000000011,-1.141203240623156
105,2026-08-02,KXHIGHNY-26AUG02,KXHIGHNY-26AUG02-B84.5,"Will the **high temp in NYC** be 84-85° on Aug 2, 2026?",between,84.0,85.0,finalized,no,0.0,2026-08-01 20:05:00+00:00,2026-08-01 20:16:00+00:00,0.06,0.08,0.92,0.94,LIVE,LIVE,2026-09-28T01:03:28.857122+00:00,20:05,0.07,0.020000000000000004,0.06635071090047394,11.0,0,80.99256494062656,0.36623181875027555,2.6685295968010827,81.35879675937684,83.08565282021802,0.7340834958498994,2.0478407730595194,80.92253244510775,0.6652477410293067,84.04784077305952,80.7243733107044,3.3234674623551252,0.2780960226000851,83.0,82.02,0.98,0.2834104261770807,83.29477050781254,80.22575646972656,3.069014038085978,0.19643112710531305,82.0,80.72,1.28,0.24206242411752119,1.076904290904878,2.0,84.5,0.15081649001366892,0.08446577911319499,-2.6441463991227296,-1.7282115115296182,-0.4521592269404806,-3.7756266892956063,-1.5,-2.480000000000004,-1.2052294921874562,-4.274243530273438,-2.5,-3.780000000000001,-3.141203240623156
106,2026-08-02,KXHIGHNY-26AUG02,KXHIGHNY-26AUG02-B86.5,"Will the **high temp in NYC** be 86-87° on Aug 2, 2026?",between,86.0,87.0,finalized,no,0.0,2026-08-01 20:05:00+00:00,2026-08-01 20:31:00+00:00,0.02,0.04,0.96,0.98,LIVE,LIVE,2026-09-28T01:03:28.857122+00:00,20:05,0.03,0.02,0.028436018957345974,26.0,0,80.99256494062656,0.36623181875027555,2.6685295968010827,81.35879675937684,83.08565282021802,0.7340834958498994,2.0478407730595194,80.92253244510775,0.6652477410293067,84.04784077305952,80.7243733107044,3.3234674623551252,0.2780960226000851,83.0,82.02,0.98,0.2834104261770807,83.29477050781254,80.22575646972656,3.069014038085978,0.19643112710531305,82.0,80.72,1.28,0.24206242411752119,1.076904290904878,2.0,86.5,0.049660903893162356,0.021224884935816382,-3.531250509910353,-2.9516008826271145,-2.4521592269404806,-5.775626689295606,-3.5,-4.480000000000004,-3.2052294921874562,-6.274243530273438,-4.5,-5.780000000000001,-5.141203240623156
102,2026-08-02,KXHIGHNY-26AUG02,KXHIGHNY-26AUG02-T80,"Will the **high temp in NYC** be <80° on Aug 2, 2026?",less,,80.0,finalized,no,0.0,2026-08-01 20:05:00+00:00,2026-08-01 20:06:00+00:00,0.13,0.14,0.86,0.87,LIVE,LIVE,2026-09-28T01:03:28.857122+00:00,20:05,0.135,0.010000000000000009,0.1279620853080569,1.0,0,80.99256494062656,0.36623181875027555,2.6685295968010827,81.35879675937684,83.08565282021802,0.7340834958498994,2.0478407730595194,80.92253244510775,0.6652477410293067,84.04784077305952,80.7243733107044,3.3234674623551252,0.2780960226000851,83.0,82.02,0.98,0.2834104261770807,83.29477050781254,80.22575646972656,3.069014038085978,0.19643112710531305,82.0,80.72,1.28,0.24206242411752119,1.076904290904878,2.0,79.5,0.24303841958487504,0.11507633427681815,-1.9190988916046565,-1.1360929635948473,4.547840773059519,1.2243733107043937,3.5,2.519999999999996,3.7947705078125438,0.7257564697265622,2.5,1.2199999999999989,1.858796759376844
107,2026-08-02,KXHIGHNY-26AUG02,KXHIGHNY-26AUG02-T87,"Will the **high temp in NYC** be >87° on Aug 2, 2026?",greater,87.0,,finalized,no,0.0,2026-08-01 20:05:00+00:00,2026-08-01 20:06:00+00:00,0.02,0.03,0.97,0.98,LIVE,LIVE,2026-09-28T01:03:28.857122+00:00,20:05,0.025,0.009999999999999998,0.023696682464454978,1.0,0,80.99256494062656,0.36623181875027555,2.6685295968010827,81.35879675937684,83.08565282021802,0.7340834958498994,2.0478407730595194,80.92253244510775,0.6652477410293067,84.04784077305952,80.7243733107044,3.3234674623551252,0.2780960226000851,83.0,82.02,0.98,0.2834104261770807,83.29477050781254,80.22575646972656,3.069014038085978,0.19643112710531305,82.0,80.72,1.28,0.24206242411752119,1.076904290904878,2.0,87.5,0.010686111413189758,-0.01301057105126522,-3.7184382563554808,-4.528066761462144,-3.4521592269404806,-6.775626689295606,-4.5,-5.480000000000004,-4.205229492187456,-7.274243530273438,-5.5,-6.780000000000001,-6.141203240623156
109,2026-08-03,KXHIGHNY-26AUG03,KXHIGHNY-26AUG03-B80.5,"Will the **high temp in NYC** be 80-81° on Aug 3, 2026?",between,80.0,81.0,finalized,yes,1.0,2026-08-02 20:05:00+00:00,2026-08-02 20:06:00+00:00,0.41,0.42,0.5800000000000001,0.5900000000000001,LIVE,LIVE,2026-09-28T01:03:31.263350+00:00,20:05,0.415,0.010000000000000009,0.3915094339622641,1.0,1,81.10625539473092,0.44438435401804505,2.6255022172334117,81.55063974874896,83.15635003858999,2.050587763397517,5.447579109438067,81.03396432141878,1.2626837185921869,86.44757910943807,83.1687317782456,3.2788473311924657,0.27712346238260455,81.0,80.03921568627452,0.9607843137254902,0.28499673371676165,83.17782104492191,80.16320393880208,3.0146171061198324,0.1960095600478899,82.0,80.76470588235294,1.2352941176470589,0.2418702438527439,2.0544505431550584,2.0,80.5,0.27491829608950685,-0.11659113787275727,-0.4409717965650743,-0.9698103951609882,5.947579109438067,2.6687317782456006,0.5,-0.46078431372548323,2.677821044921913,-0.3367960611979157,1.5,0.264705882352942,1.0506397487489636
110,2026-08-03,KXHIGHNY-26AUG03,KXHIGHNY-26AUG03-B82.5,"Will the **high temp in NYC** be 82-83° on Aug 3, 2026?",between,82.0,83.0,finalized,no,0.0,2026-08-02 20:05:00+00:00,2026-08-02 20:06:00+00:00,0.31,0.33,0.6699999999999999,0.69,LIVE,LIVE,2026-09-28T01:03:31.263350+00:00,20:05,0.32,0.020000000000000018,0.3018867924528302,1.0,0,81.10625539473092,0.44438435401804505,2.6255022172334117,81.55063974874896,83.15635003858999,2.050587763397517,5.447579109438067,81.03396432141878,1.2626837185921869,86.44757910943807,83.1687317782456,3.2788473311924657,0.27712346238260455,81.0,80.03921568627452,0.9607843137254902,0.28499673371676165,83.17782104492191,80.16320393880208,3.0146171061198324,0.1960095600478899,82.0,80.76470588235294,1.2352941176470589,0.2418702438527439,2.0544505431550584,2.0,82.5,0.27879328583170315,-0.023093506621127025,-0.8383291904044433,-0.9504552047896935,3.947579109438067,0.6687317782456006,-1.5,-2.4607843137254832,0.6778210449219131,-2.3367960611979157,-0.5,-1.735294117647058,-0.9493602512510364
111,2026-08-03,KXHIGHNY-26AUG03,KXHIGHNY-26AUG03-B84.5,"Will the **high temp in NYC** be 84-85° on Aug 3, 2026?",between,84.0,85.0,finalized,no,0.0,2026-08-02 20:05:00+00:00,2026-08-02 20:06:00+00:00,0.05,0.07,0.9299999999999999,0.95,LIVE,LIVE,2026-09-28T01:03:31.263350+00:00,20:05,0.060000000000000005,0.020000000000000004,0.05660377358490566,1.0,0,81.10625539473092,0.44438435401804505,2.6255022172334117,81.55063974874896,83.15635003858999,2.050587763397517,5.447579109438067,81.03396432141878,1.2626837185921869,86.44757910943807,83.1687317782456,3.2788473311924657,0.27712346238260455,81.0,80.03921568627452,0.9607843137254902,0.28499673371676165,83.17782104492191,80.16320393880208,3.0146171061198324,0.1960095600478899,82.0,80.76470588235294,1.2352941176470589,0.2418702438527439,2.0544505431550584,2.0,84.5,0.16263986692313415,0.10603609333822848,-2.8134107167600364,-1.6387158933807988,1.9475791094380668,-1.3312682217543994,-3.5,-4.460784313725483,-1.322178955078087,-4.336796061197916,-2.5,-3.735294117647058,-2.9493602512510364
112,2026-08-03,KXHIGHNY-26AUG03,KXHIGHNY-26AUG03-B86.5,"Will the **high temp in NYC** be 86-87° on Aug 3, 2026?",between,86.0,87.0,finalized,no,0.0,2026-08-02 20:05:00+00:00,2026-08-02 20:06:00+00:00,0.01,0.02,0.98,0.99,LIVE,LIVE,2026-09-28T01:03:31.263350+00:00,20:05,0.015,0.01,0.014150943396226414,1.0,0,81.10625539473092,0.44438435401804505,2.6255022172334117,81.55063974874896,83.15635003858999,2.050587763397517,5.447579109438067,81.03396432141878,1.2626837185921869,86.44757910943807,83.1687317782456,3.2788473311924657,0.27712346238260455,81.0,80.03921568627452,0.9607843137254902,0.28499673371676165,83.17782104492191,80.16320393880208,3.0146171061198324,0.1960095600478899,82.0,80.76470588235294,1.2352941176470589,0.2418702438527439,2.0544505431550584,2.0,86.5,0.05453501089864288,0.040384067502416465,-4.243721963296702,-2.852833961207539,-0.05242089056193322,-3.3312682217543994,-5.5,-6.460784313725483,-3.322178955078087,-6.336796061197916,-4.5,-5.735294117647058,-4.949360251251036
108,2026-08-03,KXHIGHNY-26AUG03,KXHIGHNY-26AUG03-T80,"Will the **high temp in NYC** be <80° on Aug 3, 2026?",less,,80.0,finalized,no,0.0,2026-08-02 20:05:00+00:00,2026-08-02 20:06:00+00:00,0.24,0.25,0.75,0.76,LIVE,LIVE,2026-09-28T01:03:31.263350+00:00,20:05,0.245,0.010000000000000009,0.2311320754716981,1.0,0,81.10625539473092,0.44438435401804505,2.6255022172334117,81.55063974874896,83.15635003858999,2.050587763397517,5.447579109438067,81.03396432141878,1.2626837185921869,86.44757910943807,83.1687317782456,3.2788473311924657,0.27712346238260455,81.0,80.03921568627452,0.9607843137254902,0.28499673371676165,83.17782104492191,80.16320393880208,3.0146171061198324,0.1960095600478899,82.0,80.76470588235294,1.2352941176470589,0.2418702438527439,2.0544505431550584,2.0,79.5,0.21738752479574613,-0.013744550675951955,-1.2019299026961359,-1.2809560609687651,6.947579109438067,3.6687317782456006,1.5,0.5392156862745168,3.677821044921913,0.6632039388020843,2.5,1.264705882352942,2.0506397487489636
113,2026-08-03,KXHIGHNY-26AUG03,KXHIGHNY-26AUG03-T87,"Will the **high temp in NYC** be >87° on Aug 3, 2026?",greater,87.0,,finalized,no,0.0,2026-08-02 20:05:00+00:00,2026-08-02 20:06:00+00:00,0.0,0.01,0.99,1.0,LIVE,LIVE,2026-09-28T01:03:31.263350+00:00,20:05,0.005,0.01,0.0047169811320754715,1.0,0,81.10625539473092,0.44438435401804505,2.6255022172334117,81.55063974874896,83.15635003858999,2.050587763397517,5.447579109438067,81.03396432141878,1.2626837185921869,86.44757910943807,83.1687317782456,3.2788473311924657,0.27712346238260455,81.0,80.03921568627452,0.9607843137254902,0.28499673371676165,83.17782104492191,80.16320393880208,3.0146171061198324,0.1960095600478899,82.0,80.76470588235294,1.2352941176470589,0.2418702438527439,2.0544505431550584,2.0,87.5,0.011726015461266837,0.007009034329191365,-5.351858133476067,-4.43415005450324,-1.0524208905619332,-4.331268221754399,-6.5,-7.460784313725483,-4.322178955078087,-7.336796061197916,-5.5,-6.735294117647058,-5.949360251251036
115,2026-08-04,KXHIGHNY-26AUG04,KXHIGHNY-26AUG04-B81.5,"Will the **high temp in NYC** be 81-82° on Aug 4, 2026?",between,81.0,82.0,finalized,no,0.0,2026-08-03 20:05:00+00:00,2026-08-03 20:07:00+00:00,0.28,0.29,0.71,0.72,LIVE,LIVE,2026-09-28T01:03:33.768982+00:00,20:05,0.28500000000000003,0.009999999999999953,0.296875,2.0,0,81.93821367963169,0.3739007290749102,2.5834678315882647,82.31211440870659,83.68863138506491,2.7147453938096797,7.360919583228323,81.54636173863565,2.943574496557127,87.05772256174399,83.71793808096987,3.339784480774112,0.2708291097158711,85.0,84.03846153846153,0.9615384615384616,0.28822192501119814,79.69680297851566,76.67904733511118,3.0177556434044877,0.19805864797297212,83.0,81.75,1.25,0.24289031729995872,1.48611032331991,2.0,81.5,0.28746971846031294,-0.00940528153968706,-0.8622235106038793,-0.9077048840507136,5.5577225617439865,2.2179380809698728,3.5,2.538461538461533,-1.803197021484337,-4.8209526648888215,1.5,0.25,0.8121144087065915
116,2026-08-04,KXHIGHNY-26AUG04,KXHIGHNY-26AUG04-B83.5,"Will the **high temp in NYC** be 83-84° on Aug 4, 2026?",between,83.0,84.0,finalized,yes,1.0,2026-08-03 20:05:00+00:00,2026-08-03 20:06:00+00:00,0.44,0.45,0.55,0.56,LIVE,LIVE,2026-09-28T01:03:33.768982+00:00,20:05,0.445,0.010000000000000009,0.46354166666666663,1.0,1,81.93821367963169,0.3739007290749102,2.5834678315882647,82.31211440870659,83.68863138506491,2.7147453938096797,7.360919583228323,81.54636173863565,2.943574496557127,87.05772256174399,83.71793808096987,3.339784480774112,0.2708291097158711,85.0,84.03846153846153,0.9615384615384616,0.28822192501119814,79.69680297851566,76.67904733511118,3.0177556434044877,0.19805864797297212,83.0,81.75,1.25,0.24289031729995872,1.48611032331991,2.0,83.5,0.2724808482465829,-0.1910608184200837,-0.1460926184974961,-0.9820719941638787,3.5577225617439865,0.21793808096987277,1.5,0.538461538461533,-3.803197021484337,-6.8209526648888215,-0.5,-1.75,-1.1878855912934085
117,2026-08-04,KXHIGHNY-26AUG04,KXHIGHNY-26AUG04-B85.5,"Will the **high temp in NYC** be 85-86° on Aug 4, 2026?",between,85.0,86.0,finalized,no,0.0,2026-08-03 20:05:00+00:00,2026-08-03 20:06:00+00:00,0.14,0.15,0.85,0.86,LIVE,LIVE,2026-09-28T01:03:33.768982+00:00,20:05,0.14500000000000002,0.009999999999999981,0.15104166666666669,1.0,0,81.93821367963169,0.3739007290749102,2.5834678315882647,82.31211440870659,83.68863138506491,2.7147453938096797,7.360919583228323,81.54636173863565,2.943574496557127,87.05772256174399,83.71793808096987,3.339784480774112,0.2708291097158711,85.0,84.03846153846153,0.9615384615384616,0.28822192501119814,79.69680297851566,76.67904733511118,3.0177556434044877,0.19805864797297212,83.0,81.75,1.25,0.24289031729995872,1.48611032331991,2.0,85.5,0.1460258601643879,-0.005015806502278786,-1.7264543708202882,-1.7661171816698724,1.5577225617439865,-1.7820619190301272,-0.5,-1.461538461538467,-5.803197021484337,-8.820952664888821,-2.5,-3.75,-3.1878855912934085
118,2026-08-04,KXHIGHNY-26AUG04,KXHIGHNY-26AUG04-B87.5,"Will the **high temp in NYC** be 87-88° on Aug 4, 2026?",between,87.0,88.0,finalized,no,0.0,2026-08-03 20:05:00+00:00,2026-08-03 20:09:00+00:00,0.03,0.04,0.96,0.97,LIVE,LIVE,2026-09-28T01:03:33.768982+00:00,20:05,0.035,0.010000000000000002,0.036458333333333336,4.0,0,81.93821367963169,0.3739007290749102,2.5834678315882647,82.31211440870659,83.68863138506491,2.7147453938096797,7.360919583228323,81.54636173863565,2.943574496557127,87.05772256174399,83.71793808096987,3.339784480774112,0.2708291097158711,85.0,84.03846153846153,0.9615384615384616,0.28822192501119814,79.69680297851566,76.67904733511118,3.0177556434044877,0.19805864797297212,83.0,81.75,1.25,0.24289031729995872,1.48611032331991,2.0,87.5,0.04419935165727695,0.007741018323943617,-3.2744456760230114,-3.07383924387983,-0.4422774382560135,-3.7820619190301272,-2.5,-3.461538461538467,-7.803197021484337,-10.820952664888821,-4.5,-5.75,-5.1878855912934085
114,2026-08-04,KXHIGHNY-26AUG04,KXHIGHNY-26AUG04-T81,"Will the **high temp in NYC** be <81° on Aug 4, 2026?",less,,81.0,finalized,no,0.0,2026-08-03 20:05:00+00:00,2026-08-03 20:13:00+00:00,0.03,0.04,0.96,0.97,LIVE,LIVE,2026-09-28T01:03:33.768982+00:00,20:05,0.035,0.010000000000000002,0.036458333333333336,8.0,0,81.93821367963169,0.3739007290749102,2.5834678315882647,82.31211440870659,83.68863138506491,2.7147453938096797,7.360919583228323,81.54636173863565,2.943574496557127,87.05772256174399,83.71793808096987,3.339784480774112,0.2708291097158711,85.0,84.03846153846153,0.9615384615384616,0.28822192501119814,79.69680297851566,76.67904733511118,3.0177556434044877,0.19805864797297212,83.0,81.75,1.25,0.24289031729995872,1.48611032331991,2.0,80.5,0.24151825008836741,0.20505991675503407,-3.2744456760230114,-1.1443736977751389,6.5577225617439865,3.2179380809698728,4.5,3.538461538461533,-0.8031970214843369,-3.8209526648888215,2.5,1.25,1.8121144087065915
119,2026-08-04,KXHIGHNY-26AUG04,KXHIGHNY-26AUG04-T88,"Will the **high temp in NYC** be >88° on Aug 4, 2026?",greater,88.0,,finalized,no,0.0,2026-08-03 20:05:00+00:00,2026-08-03 20:19:00+00:00,0.01,0.02,0.98,0.99,LIVE,LIVE,2026-09-28T01:03:33.768982+00:00,20:05,0.015,0.01,0.015624999999999998,14.0,0,81.93821367963169,0.3739007290749102,2.5834678315882647,82.31211440870659,83.68863138506491,2.7147453938096797,7.360919583228323,81.54636173863565,2.943574496557127,87.05772256174399,83.71793808096987,3.339784480774112,0.2708291097158711,85.0,84.03846153846153,0.9615384615384616,0.28822192501119814,79.69680297851566,76.67904733511118,3.0177556434044877,0.19805864797297212,83.0,81.75,1.25,0.24289031729995872,1.48611032331991,2.0,88.5,0.008305971383071875,-0.007319028616928123,-4.143134726391533,-4.782439920943026,-1.4422774382560135,-4.782061919030127,-3.5,-4.461538461538467,-8.803197021484337,-11.820952664888821,-5.5,-6.75,-6.1878855912934085
121,2026-08-05,KXHIGHNY-26AUG05,KXHIGHNY-26AUG05-B80.5,"Will the **high temp in NYC** be 80-81° on Aug 5, 2026?",between,80.0,81.0,finalized,no,0.0,2026-08-04 20:05:00+00:00,2026-08-04 20:06:00+00:00,0.42,0.43,0.5700000000000001,0.5800000000000001,LIVE,LIVE,2026-09-28T01:03:36.238584+00:00,20:05,0.425,0.010000000000000009,0.41262135922330095,1.0,0,81.33103777410847,0.4472870591311451,2.5484890070042647,81.77832483323961,83.04979875133886,2.3632003730418267,5.3533063334803614,80.95382416644478,2.4851997340132534,85.7762506694179,82.44178811164436,3.3344625577735436,0.27424563335722096,85.0,84.0377358490566,0.9622641509433962,0.2925056499687717,80.42294433593754,77.54331987488945,2.879624461048095,0.19107494558801574,81.0,79.79245283018868,1.2075471698113207,0.2421737710859916,1.7715595203768948,2.0,80.5,0.27085378721878617,-0.14176757200451479,-0.35313928910642467,-0.9902951334045829,5.276250669417905,1.9417881116443567,4.5,3.5377358490566024,-0.07705566406245623,-2.9566801251105517,0.5,-0.7075471698113205,1.2783248332396084
122,2026-08-05,KXHIGHNY-26AUG05,KXHIGHNY-26AUG05-B82.5,"Will the **high temp in NYC** be 82-83° on Aug 5, 2026?",between,82.0,83.0,finalized,yes,1.0,2026-08-04 20:05:00+00:00,2026-08-04 20:06:00+00:00,0.36,0.37,0.63,0.64,LIVE,LIVE,2026-09-28T01:03:36.238584+00:00,20:05,0.365,0.010000000000000009,0.35436893203883496,1.0,1,81.33103777410847,0.4472870591311451,2.5484890070042647,81.77832483323961,83.04979875133886,2.3632003730418267,5.3533063334803614,80.95382416644478,2.4851997340132534,85.7762506694179,82.44178811164436,3.3344625577735436,0.27424563335722096,85.0,84.0377358490566,0.9622641509433962,0.2925056499687717,80.42294433593754,77.54331987488945,2.879624461048095,0.19107494558801574,81.0,79.79245283018868,1.2075471698113207,0.2421737710859916,1.7715595203768948,2.0,82.5,0.2938249242965728,-0.06054400774226215,-0.5998896870733625,-0.8768790949625295,3.276250669417905,-0.05821188835564328,2.5,1.5377358490566024,-2.0770556640624562,-4.956680125110552,-1.5,-2.7075471698113205,-0.7216751667603916
123,2026-08-05,KXHIGHNY-26AUG05,KXHIGHNY-26AUG05-B84.5,"Will the **high temp in NYC** be 84-85° on Aug 5, 2026?",between,84.0,85.0,finalized,no,0.0,2026-08-04 20:05:00+00:00,2026-08-04 20:06:00+00:00,0.14,0.15,0.85,0.86,LIVE,LIVE,2026-09-28T01:03:36.238584+00:00,20:05,0.14500000000000002,0.009999999999999981,0.14077669902912623,1.0,0,81.33103777410847,0.4472870591311451,2.5484890070042647,81.77832483323961,83.04979875133886,2.3632003730418267,5.3533063334803614,80.95382416644478,2.4851997340132534,85.7762506694179,82.44178811164436,3.3344625577735436,0.27424563335722096,85.0,84.0377358490566,0.9622641509433962,0.2925056499687717,80.42294433593754,77.54331987488945,2.879624461048095,0.19107494558801574,81.0,79.79245283018868,1.2075471698113207,0.2421737710859916,1.7715595203768948,2.0,84.5,0.1775602549001477,0.03678355587102147,-1.808853902587355,-1.5329652061820391,1.2762506694179052,-2.0582118883556433,0.5,-0.46226415094339757,-4.077055664062456,-6.956680125110552,-3.5,-4.7075471698113205,-2.7216751667603916
124,2026-08-05,KXHIGHNY-26AUG05,KXHIGHNY-26AUG05-B86.5,"Will the **high temp in NYC** be 86-87° on Aug 5, 2026?",between,86.0,87.0,finalized,no,0.0,2026-08-04 20:05:00+00:00,2026-08-04 20:07:00+00:00,0.03,0.04,0.96,0.97,LIVE,LIVE,2026-09-28T01:03:36.238584+00:00,20:05,0.035,0.010000000000000002,0.03398058252427185,2.0,0,81.33103777410847,0.4472870591311451,2.5484890070042647,81.77832483323961,83.04979875133886,2.3632003730418267,5.3533063334803614,80.95382416644478,2.4851997340132534,85.7762506694179,82.44178811164436,3.3344625577735436,0.27424563335722096,85.0,84.0377358490566,0.9622641509433962,0.2925056499687717,80.42294433593754,77.54331987488945,2.879624461048095,0.19107494558801574,81.0,79.79245283018868,1.2075471698113207,0.2421737710859916,1.7715595203768948,2.0,86.5,0.05971746321490945,0.0257368806906376,-3.347394675669179,-2.756555907362908,-0.7237493305820948,-4.058211888355643,-1.5,-2.4622641509433976,-6.077055664062456,-8.956680125110552,-5.5,-6.7075471698113205,-4.721675166760392
120,2026-08-05,KXHIGHNY-26AUG05,KXHIGHNY-26AUG05-T80,"Will the **high temp in NYC** be <80° on Aug 5, 2026?",less,,80.0,finalized,no,0.0,2026-08-04 20:05:00+00:00,2026-08-04 20:06:00+00:00,0.05,0.06,0.94,0.95,LIVE,LIVE,2026-09-28T01:03:36.238584+00:00,20:05,0.055,0.009999999999999995,0.05339805825242718,1.0,0,81.33103777410847,0.4472870591311451,2.5484890070042647,81.77832483323961,83.04979875133886,2.3632003730418267,5.3533063334803614,80.95382416644478,2.4851997340132534,85.7762506694179,82.44178811164436,3.3344625577735436,0.27424563335722096,85.0,84.0377358490566,0.9622641509433962,0.2925056499687717,80.42294433593754,77.54331987488945,2.879624461048095,0.19107494558801574,81.0,79.79245283018868,1.2075471698113207,0.2421737710859916,1.7715595203768948,2.0,79.5,0.18566350051697833,0.13226544226455114,-2.8751042857653766,-1.478437772365786,6.276250669417905,2.9417881116443567,5.5,4.537735849056602,0.9229443359375438,-1.9566801251105517,1.5,0.2924528301886795,2.2783248332396084
125,2026-08-05,KXHIGHNY-26AUG05,KXHIGHNY-26AUG05-T87,"Will the **high temp in NYC** be >87° on Aug 5, 2026?",greater,87.0,,finalized,no,0.0,2026-08-04 20:05:00+00:00,2026-08-04 20:34:00+00:00,0.0,0.01,0.99,1.0,LIVE,LIVE,2026-09-28T01:03:36.238584+00:00,20:05,0.005,0.01,0.0048543689320388345,29.0,0,81.33103777410847,0.4472870591311451,2.5484890070042647,81.77832483323961,83.04979875133886,2.3632003730418267,5.3533063334803614,80.95382416644478,2.4851997340132534,85.7762506694179,82.44178811164436,3.3344625577735436,0.27424563335722096,85.0,84.0377358490566,0.9622641509433962,0.2925056499687717,80.42294433593754,77.54331987488945,2.879624461048095,0.19107494558801574,81.0,79.79245283018868,1.2075471698113207,0.2421737710859916,1.7715595203768948,2.0,87.5,0.012380069852605535,0.007525700920566701,-5.3230099791384085,-4.379210028035784,-1.7237493305820948,-5.058211888355643,-2.5,-3.4622641509433976,-7.077055664062456,-9.956680125110552,-6.5,-7.7075471698113205,-5.721675166760392
127,2026-08-06,KXHIGHNY-26AUG06,KXHIGHNY-26AUG06-B88.5,"Will the **high temp in NYC** be 88-89° on Aug 6, 2026?",between,88.0,89.0,finalized,yes,1.0,2026-08-05 20:05:00+00:00,2026-08-05 20:06:00+00:00,0.46,0.47,0.53,0.54,LIVE,LIVE,2026-09-28T01:03:39.036999+00:00,20:05,0.46499999999999997,0.009999999999999953,0.46969696969696967,1.0,1,88.97949173803723,0.4981901910794946,2.5049153412314396,89.47768192911673,90.67285960535852,2.6059828522223447,6.834270452683995,88.61477716553027,2.3733871849876866,94.76285443705903,91.43872913647726,3.3241253005817724,0.2774607537590016,91.0,90.01851851851852,0.9814814814814815,0.29487222775269245,87.92858398437504,85.15000915527344,2.7785748291016032,0.18745266565174948,89.0,87.85185185185185,1.1481481481481481,0.24021435283655648,1.196312713051639,3.0,88.5,0.2886504770196135,-0.18104649267735617,-0.12136085700426748,-0.9019473684195144,6.262854437059033,2.9387291364772636,2.5,1.518518518518519,-0.5714160156249619,-3.3499908447265625,0.5,-0.6481481481481524,0.9776819291167271
128,2026-08-06,KXHIGHNY-26AUG06,KXHIGHNY-26AUG06-B90.5,"Will the **high temp in NYC** be 90-91° on Aug 6, 2026?",between,90.0,91.0,finalized,no,0.0,2026-08-05 20:05:00+00:00,2026-08-05 20:06:00+00:00,0.15,0.16,0.84,0.85,LIVE,LIVE,2026-09-28T01:03:39.036999+00:00,20:05,0.155,0.010000000000000009,0.15656565656565657,1.0,0,88.97949173803723,0.4981901910794946,2.5049153412314396,89.47768192911673,90.67285960535852,2.6059828522223447,6.834270452683995,88.61477716553027,2.3733871849876866,94.76285443705903,91.43872913647726,3.3241253005817724,0.2774607537590016,91.0,90.01851851851852,0.9814814814814815,0.29487222775269245,87.92858398437504,85.15000915527344,2.7785748291016032,0.18745266565174948,89.0,87.85185185185185,1.1481481481481481,0.24021435283655648,1.196312713051639,3.0,90.5,0.2867102421553249,0.13014458558966835,-1.6840066079316087,-0.9114156338022127,4.262854437059033,0.9387291364772636,0.5,-0.48148148148148096,-2.571416015624962,-5.3499908447265625,-1.5,-2.6481481481481524,-1.0223180708832729
129,2026-08-06,KXHIGHNY-26AUG06,KXHIGHNY-26AUG06-B92.5,"Will the **high temp in NYC** be 92-93° on Aug 6, 2026?",between,92.0,93.0,finalized,no,0.0,2026-08-05 20:05:00+00:00,2026-08-05 20:06:00+00:00,0.03,0.04,0.96,0.97,LIVE,LIVE,2026-09-28T01:03:39.036999+00:00,20:05,0.035,0.010000000000000002,0.03535353535353536,1.0,0,88.97949173803723,0.4981901910794946,2.5049153412314396,89.47768192911673,90.67285960535852,2.6059828522223447,6.834270452683995,88.61477716553027,2.3733871849876866,94.76285443705903,91.43872913647726,3.3241253005817724,0.2774607537590016,91.0,90.01851851851852,0.9814814814814815,0.29487222775269245,87.92858398437504,85.15000915527344,2.7785748291016032,0.18745266565174948,89.0,87.85185185185185,1.1481481481481481,0.24021435283655648,1.196312713051639,3.0,92.5,0.15557312451635896,0.1202195891628236,-3.3063632789913164,-1.6915422681644843,2.2628544370590333,-1.0612708635227364,-1.5,-2.481481481481481,-4.571416015624962,-7.3499908447265625,-3.5,-4.648148148148152,-3.022318070883273
130,2026-08-06,KXHIGHNY-26AUG06,KXHIGHNY-26AUG06-B94.5,"Will the **high temp in NYC** be 94-95° on Aug 6, 2026?",between,94.0,95.0,finalized,no,0.0,2026-08-05 20:05:00+00:00,2026-08-05 20:06:00+00:00,0.01,0.02,0.98,0.99,LIVE,LIVE,2026-09-28T01:03:39.036999+00:00,20:05,0.015,0.01,0.015151515151515152,1.0,0,88.97949173803723,0.4981901910794946,2.5049153412314396,89.47768192911673,90.67285960535852,2.6059828522223447,6.834270452683995,88.61477716553027,2.3733871849876866,94.76285443705903,91.43872913647726,3.3241253005817724,0.2774607537590016,91.0,90.01851851851852,0.9814814814814815,0.29487222775269245,87.92858398437504,85.15000915527344,2.7785748291016032,0.18745266565174948,89.0,87.85185185185185,1.1481481481481481,0.24021435283655648,1.196312713051639,3.0,94.5,0.04605827381834793,0.030906758666832776,-4.174387269895637,-3.0306951690306048,0.26285443705903333,-3.0612708635227364,-3.5,-4.481481481481481,-6.571416015624962,-9.349990844726562,-5.5,-6.648148148148152,-5.022318070883273
126,2026-08-06,KXHIGHNY-26AUG06,KXHIGHNY-26AUG06-T88,"Will the **high temp in NYC** be <88° on Aug 6, 2026?",less,,88.0,finalized,no,0.0,2026-08-05 20:05:00+00:00,2026-08-05 20:06:00+00:00,0.31,0.32,0.6799999999999999,0.69,LIVE,LIVE,2026-09-28T01:03:39.036999+00:00,20:05,0.315,0.010000000000000009,0.3181818181818182,1.0,0,88.97949173803723,0.4981901910794946,2.5049153412314396,89.47768192911673,90.67285960535852,2.6059828522223447,6.834270452683995,88.61477716553027,2.3733871849876866,94.76285443705903,91.43872913647726,3.3241253005817724,0.2774607537590016,91.0,90.01851851851852,0.9814814814814815,0.29487222775269245,87.92858398437504,85.15000915527344,2.7785748291016032,0.18745266565174948,89.0,87.85185185185185,1.1481481481481481,0.24021435283655648,1.196312713051639,3.0,87.5,0.21490393623655296,-0.10327788194526522,-0.7621400520468968,-1.2956149644391903,7.262854437059033,3.9387291364772636,3.5,2.518518518518519,0.4285839843750381,-2.3499908447265625,1.5,0.35185185185184764,1.9776819291167271
131,2026-08-06,KXHIGHNY-26AUG06,KXHIGHNY-26AUG06-T95,"Will the **high temp in NYC** be >95° on Aug 6, 2026?",greater,95.0,,finalized,no,0.0,2026-08-05 20:05:00+00:00,2026-08-05 20:40:00+00:00,0.0,0.01,0.99,1.0,LIVE,LIVE,2026-09-28T01:03:39.036999+00:00,20:05,0.005,0.01,0.005050505050505051,35.0,0,88.97949173803723,0.4981901910794946,2.5049153412314396,89.47768192911673,90.67285960535852,2.6059828522223447,6.834270452683995,88.61477716553027,2.3733871849876866,94.76285443705903,91.43872913647726,3.3241253005817724,0.2774607537590016,91.0,90.01851851851852,0.9814814814814815,0.29487222775269245,87.92858398437504,85.15000915527344,2.7785748291016032,0.18745266565174948,89.0,87.85185185185185,1.1481481481481481,0.24021435283655648,1.196312713051639,3.0,95.5,0.00810394625380173,0.0030534412032966795,-5.2832037287379885,-4.807267182398188,-0.7371455629409667,-4.061270863522736,-4.5,-5.481481481481481,-7.571416015624962,-10.349990844726562,-6.5,-7.648148148148152,-6.022318070883273
133,2026-08-07,KXHIGHNY-26AUG07,KXHIGHNY-26AUG07-B89.5,"Will the **high temp in NYC** be 89-90° on Aug 7, 2026?",between,89.0,90.0,finalized,no,0.0,2026-08-06 20:05:00+00:00,2026-08-06 20:06:00+00:00,0.46,0.47,0.53,0.54,LIVE,LIVE,2026-09-28T01:03:41.530084+00:00,20:05,0.46499999999999997,0.009999999999999953,0.45365853658536587,1.0,0,89.73155455876739,0.4390829139148258,2.4699192131123335,90.17063747268222,91.76257099766886,2.56348255622076,6.65438433247229,89.69331079119462,1.621383087322518,95.65438433247229,92.26773668395457,3.3866476485177226,0.2728325869448154,90.0,88.98181818181818,1.018181818181818,0.2946937567473088,92.39589965820316,89.66914284446023,2.7267568137429388,0.18778076692664253,89.0,87.85454545454546,1.1454545454545455,0.2446928893812334,1.2501526595522299,3.0,89.5,0.30364611525165736,-0.1500124213337085,-0.18589937814183868,-0.8299950574581819,6.15438433247229,2.767736683954567,0.5,-0.5181818181818159,2.895899658203163,0.1691428444602252,-0.5,-1.645454545454541,0.6706374726822162
134,2026-08-07,KXHIGHNY-26AUG07,KXHIGHNY-26AUG07-B91.5,"Will the **high temp in NYC** be 91-92° on Aug 7, 2026?",between,91.0,92.0,finalized,yes,1.0,2026-08-06 20:05:00+00:00,2026-08-06 20:06:00+00:00,0.13,0.14,0.86,0.87,LIVE,LIVE,2026-09-28T01:03:41.530084+00:00,20:05,0.135,0.010000000000000009,0.13170731707317077,1.0,1,89.73155455876739,0.4390829139148258,2.4699192131123335,90.17063747268222,91.76257099766886,2.56348255622076,6.65438433247229,89.69331079119462,1.621383087322518,95.65438433247229,92.26773668395457,3.3866476485177226,0.2728325869448154,90.0,88.98181818181818,1.018181818181818,0.2946937567473088,92.39589965820316,89.66914284446023,2.7267568137429388,0.18778076692664253,89.0,87.85454545454546,1.1454545454545455,0.2446928893812334,1.2501526595522299,3.0,91.5,0.274141714481583,0.1424343974084122,-1.885946684287756,-0.9737096179403045,4.15438433247229,0.767736683954567,-1.5,-2.518181818181816,0.8958996582031631,-1.8308571555397748,-2.5,-3.645454545454541,-1.3293625273177838
135,2026-08-07,KXHIGHNY-26AUG07,KXHIGHNY-26AUG07-B93.5,"Will the **high temp in NYC** be 93-94° on Aug 7, 2026?",between,93.0,94.0,finalized,no,0.0,2026-08-06 20:05:00+00:00,2026-08-06 20:06:00+00:00,0.01,0.02,0.98,0.99,LIVE,LIVE,2026-09-28T01:03:41.530084+00:00,20:05,0.015,0.01,0.014634146341463415,1.0,0,89.73155455876739,0.4390829139148258,2.4699192131123335,90.17063747268222,91.76257099766886,2.56348255622076,6.65438433247229,89.69331079119462,1.621383087322518,95.65438433247229,92.26773668395457,3.3866476485177226,0.2728325869448154,90.0,88.98181818181818,1.018181818181818,0.2946937567473088,92.39589965820316,89.66914284446023,2.7267568137429388,0.18778076692664253,89.0,87.85454545454546,1.1454545454545455,0.2446928893812334,1.2501526595522299,3.0,93.5,0.13300166254502888,0.11836751620356546,-4.209655408733095,-1.8746754307128601,2.15438433247229,-1.232263316045433,-3.5,-4.518181818181816,-1.104100341796837,-3.830857155539775,-4.5,-5.645454545454541,-3.329362527317784
136,2026-08-07,KXHIGHNY-26AUG07,KXHIGHNY-26AUG07-B95.5,"Will the **high temp in NYC** be 95-96° on Aug 7, 2026?",between,95.0,96.0,finalized,no,0.0,2026-08-06 20:05:00+00:00,2026-08-06 20:40:00+00:00,0.01,0.02,0.98,0.99,LIVE,LIVE,2026-09-28T01:03:41.530084+00:00,20:05,0.015,0.01,0.014634146341463415,35.0,0,89.73155455876739,0.4390829139148258,2.4699192131123335,90.17063747268222,91.76257099766886,2.56348255622076,6.65438433247229,89.69331079119462,1.621383087322518,95.65438433247229,92.26773668395457,3.3866476485177226,0.2728325869448154,90.0,88.98181818181818,1.018181818181818,0.2946937567473088,92.39589965820316,89.66914284446023,2.7267568137429388,0.18778076692664253,89.0,87.85454545454546,1.1454545454545455,0.2446928893812334,1.2501526595522299,3.0,95.5,0.03462020733056037,0.019986060989096957,-4.209655408733095,-3.3280840529635447,0.15438433247229,-3.232263316045433,-5.5,-6.518181818181816,-3.104100341796837,-5.830857155539775,-6.5,-7.645454545454541,-5.329362527317784
132,2026-08-07,KXHIGHNY-26AUG07,KXHIGHNY-26AUG07-T89,"Will the **high temp in NYC** be <89° on Aug 7, 2026?",less,,89.0,finalized,no,0.0,2026-08-06 20:05:00+00:00,2026-08-06 20:06:00+00:00,0.38,0.39,0.61,0.62,LIVE,LIVE,2026-09-28T01:03:41.530084+00:00,20:05,0.385,0.010000000000000009,0.37560975609756103,1.0,0,89.73155455876739,0.4390829139148258,2.4699192131123335,90.17063747268222,91.76257099766886,2.56348255622076,6.65438433247229,89.69331079119462,1.621383087322518,95.65438433247229,92.26773668395457,3.3866476485177226,0.2728325869448154,90.0,88.98181818181818,1.018181818181818,0.2946937567473088,92.39589965820316,89.66914284446023,2.7267568137429388,0.18778076692664253,89.0,87.85454545454546,1.1454545454545455,0.2446928893812334,1.2501526595522299,3.0,88.5,0.24939539949310402,-0.126214356604457,-0.508224842065933,-1.1018394290109472,7.15438433247229,3.767736683954567,1.5,0.48181818181818414,3.895899658203163,1.1691428444602252,0.5,-0.6454545454545411,1.6706374726822162
137,2026-08-07,KXHIGHNY-26AUG07,KXHIGHNY-26AUG07-T96,"Will the **high temp in NYC** be >96° on Aug 7, 2026?",greater,96.0,,finalized,no,0.0,2026-08-06 20:05:00+00:00,2026-08-06 20:08:00+00:00,0.0,0.02,0.98,1.0,LIVE,LIVE,2026-09-28T01:03:41.530084+00:00,20:05,0.01,0.02,0.009756097560975611,3.0,0,89.73155455876739,0.4390829139148258,2.4699192131123335,90.17063747268222,91.76257099766886,2.56348255622076,6.65438433247229,89.69331079119462,1.621383087322518,95.65438433247229,92.26773668395457,3.3866476485177226,0.2728325869448154,90.0,88.98181818181818,1.018181818181818,0.2946937567473088,92.39589965820316,89.66914284446023,2.7267568137429388,0.18778076692664253,89.0,87.85454545454546,1.1454545454545455,0.2446928893812334,1.2501526595522299,3.0,96.5,0.005194900898066401,-0.00456119666290921,-4.620058798481842,-5.254869289709596,-0.84561566752771,-4.232263316045433,-6.5,-7.518181818181816,-4.104100341796837,-6.830857155539775,-7.5,-8.645454545454541,-6.329362527317784
139,2026-08-08,KXHIGHNY-26AUG08,KXHIGHNY-26AUG08-B89.5,"Will the **high temp in NYC** be 89-90° on Aug 8, 2026?",between,89.0,90.0,finalized,no,0.0,2026-08-07 20:05:00+00:00,2026-08-07 20:06:00+00:00,0.45,0.47,0.53,0.55,LIVE,LIVE,2026-09-28T01:03:43.983849+00:00,20:05,0.45999999999999996,0.019999999999999962,0.4339622641509434,1.0,0,89.53331302579099,0.47098147265781765,2.425476520567922,90.0042944984488,91.49247733823717,1.8478958661489617,5.157328786542379,89.44655086763443,1.059788876755883,94.15732878654238,90.74804298295403,3.4092858035883404,0.27389249775740393,91.0,90.01785714285714,0.9821428571428571,0.29347365329462066,91.8125805664063,89.10958905901228,2.7029915073940143,0.18941493222588235,89.0,87.91071428571429,1.0892857142857142,0.2432189167220931,1.7980235424463247,3.0,89.5,0.3134083978682392,-0.1205538662827042,-0.2657031657330056,-0.7842325242873214,4.657328786542379,1.2480429829540327,1.5,0.5178571428571388,2.3125805664062966,-0.3904109409877208,-0.5,-1.5892857142857082,0.5042944984488003
140,2026-08-08,KXHIGHNY-26AUG08,KXHIGHNY-26AUG08-B91.5,"Will the **high temp in NYC** be 91-92° on Aug 8, 2026?",between,91.0,92.0,finalized,no,0.0,2026-08-07 20:05:00+00:00,2026-08-07 20:06:00+00:00,0.11,0.12,0.88,0.89,LIVE,LIVE,2026-09-28T01:03:43.983849+00:00,20:05,0.11499999999999999,0.009999999999999995,0.10849056603773585,1.0,0,89.53331302579099,0.47098147265781765,2.425476520567922,90.0042944984488,91.49247733823717,1.8478958661489617,5.157328786542379,89.44655086763443,1.059788876755883,94.15732878654238,90.74804298295403,3.4092858035883404,0.27389249775740393,91.0,90.01785714285714,0.9821428571428571,0.29347365329462066,91.8125805664063,89.10958905901228,2.7029915073940143,0.18941493222588235,89.0,87.91071428571429,1.0892857142857142,0.2432189167220931,1.7980235424463247,3.0,91.5,0.26727995814834404,0.1587893921106082,-2.1062527991304925,-1.0084670527480208,2.6573287865423794,-0.7519570170459673,-0.5,-1.4821428571428612,0.3125805664062966,-2.390410940987721,-2.5,-3.589285714285708,-1.4957055015511997
141,2026-08-08,KXHIGHNY-26AUG08,KXHIGHNY-26AUG08-B93.5,"Will the **high temp in NYC** be 93-94° on Aug 8, 2026?",between,93.0,94.0,finalized,no,0.0,2026-08-07 20:05:00+00:00,2026-08-07 20:06:00+00:00,0.03,0.06,0.94,0.97,LIVE,LIVE,2026-09-28T01:03:43.983849+00:00,20:05,0.045,0.03,0.04245283018867925,1.0,0,89.53331302579099,0.47098147265781765,2.425476520567922,90.0042944984488,91.49247733823717,1.8478958661489617,5.157328786542379,89.44655086763443,1.059788876755883,94.15732878654238,90.74804298295403,3.4092858035883404,0.27389249775740393,91.0,90.01785714285714,0.9821428571428571,0.29347365329462066,91.8125805664063,89.10958905901228,2.7029915073940143,0.18941493222588235,89.0,87.91071428571429,1.0892857142857142,0.2432189167220931,1.7980235424463247,3.0,93.5,0.11984761693069956,0.07739478674202031,-3.1159814017055676,-1.993873978142929,0.6573287865423794,-2.7519570170459673,-2.5,-3.482142857142861,-1.6874194335937034,-4.390410940987721,-4.5,-5.589285714285708,-3.4957055015511997
142,2026-08-08,KXHIGHNY-26AUG08,KXHIGHNY-26AUG08-B95.5,"Will the **high temp in NYC** be 95-96° on Aug 8, 2026?",between,95.0,96.0,finalized,no,0.0,2026-08-07 20:05:00+00:00,2026-08-07 20:09:00+00:00,0.01,0.02,0.98,0.99,LIVE,LIVE,2026-09-28T01:03:43.983849+00:00,20:05,0.015,0.01,0.014150943396226417,4.0,0,89.53331302579099,0.47098147265781765,2.425476520567922,90.0042944984488,91.49247733823717,1.8478958661489617,5.157328786542379,89.44655086763443,1.059788876755883,94.15732878654238,90.74804298295403,3.4092858035883404,0.27389249775740393,91.0,90.01785714285714,0.9821428571428571,0.29347365329462066,91.8125805664063,89.10958905901228,2.7029915073940143,0.18941493222588235,89.0,87.91071428571429,1.0892857142857142,0.2432189167220931,1.7980235424463247,3.0,95.5,0.02820097312847636,0.014050029732249942,-4.243721963296701,-3.539792535153599,-1.3426712134576206,-4.751957017045967,-4.5,-5.482142857142861,-3.6874194335937034,-6.390410940987721,-6.5,-7.589285714285708,-5.4957055015512
138,2026-08-08,KXHIGHNY-26AUG08,KXHIGHNY-26AUG08-T89,"Will the **high temp in NYC** be <89° on Aug 8, 2026?",less,,89.0,finalized,yes,1.0,2026-08-07 20:05:00+00:00,2026-08-07 20:06:00+00:00,0.41,0.42,0.5800000000000001,0.5900000000000001,LIVE,LIVE,2026-09-28T01:03:43.983849+00:00,20:05,0.415,0.010000000000000009,0.3915094339622642,1.0,1,89.53331302579099,0.47098147265781765,2.425476520567922,90.0042944984488,91.49247733823717,1.8478958661489617,5.157328786542379,89.44655086763443,1.059788876755883,94.15732878654238,90.74804298295403,3.4092858035883404,0.27389249775740393,91.0,90.01785714285714,0.9821428571428571,0.29347365329462066,91.8125805664063,89.10958905901228,2.7029915073940143,0.18941493222588235,89.0,87.91071428571429,1.0892857142857142,0.2432189167220931,1.7980235424463247,3.0,88.5,0.26756116630270393,-0.12394826765956024,-0.44097179656507396,-1.0070316346466042,5.657328786542379,2.2480429829540327,2.5,1.5178571428571388,3.3125805664062966,0.6095890590122792,0.5,-0.5892857142857082,1.5042944984488003
143,2026-08-08,KXHIGHNY-26AUG08,KXHIGHNY-26AUG08-T96,"Will the **high temp in NYC** be >96° on Aug 8, 2026?",greater,96.0,,finalized,no,0.0,2026-08-07 20:05:00+00:00,2026-08-07 20:11:00+00:00,0.0,0.02,0.98,1.0,LIVE,LIVE,2026-09-28T01:03:43.983849+00:00,20:05,0.01,0.02,0.009433962264150945,6.0,0,89.53331302579099,0.47098147265781765,2.425476520567922,90.0042944984488,91.49247733823717,1.8478958661489617,5.157328786542379,89.44655086763443,1.059788876755883,94.15732878654238,90.74804298295403,3.4092858035883404,0.27389249775740393,91.0,90.01785714285714,0.9821428571428571,0.29347365329462066,91.8125805664063,89.10958905901228,2.7029915073940143,0.18941493222588235,89.0,87.91071428571429,1.0892857142857142,0.2432189167220931,1.7980235424463247,3.0,96.5,0.0037018876215368923,-0.0057320746426140524,-4.653960350157523,-5.595203664875661,-2.3426712134576206,-5.751957017045967,-5.5,-6.482142857142861,-4.687419433593703,-7.390410940987721,-7.5,-8.589285714285708,-6.4957055015512
145,2026-08-09,KXHIGHNY-26AUG09,KXHIGHNY-26AUG09-B90.5,"Will the **high temp in NYC** be 90-91° on Aug 9, 2026?",between,90.0,91.0,finalized,no,0.0,2026-08-08 20:05:00+00:00,2026-08-08 20:06:00+00:00,0.44,0.45,0.55,0.56,LIVE,LIVE,2026-09-28T01:03:46.512505+00:00,20:05,0.445,0.010000000000000009,0.4320388349514563,1.0,0,91.14255834375524,0.35971130604860263,2.4476433397146065,91.50226964980385,93.34681994038246,2.2797274044060347,6.343781738281294,91.2579715247335,1.736583606164663,94.04349802324853,90.56845707960836,3.475040943640166,0.2702771453940735,93.0,91.96491228070175,1.0350877192982457,0.29147523052147445,96.3437817382813,93.60377989651865,2.740001841762651,0.19124333108805003,90.0,88.89473684210526,1.105263157894737,0.2470042929964021,1.6788816637439423,2.0,90.5,0.2929628360928223,-0.13907599885863398,-0.27353756506561633,-0.8810374684559781,3.5434980232485316,0.06845707960836478,2.5,1.4649122807017534,5.843781738281294,3.1037798965186454,-0.5,-1.6052631578947398,1.00226964980385
146,2026-08-09,KXHIGHNY-26AUG09,KXHIGHNY-26AUG09-B92.5,"Will the **high temp in NYC** be 92-93° on Aug 9, 2026?",between,92.0,93.0,finalized,no,0.0,2026-08-08 20:05:00+00:00,2026-08-08 20:07:00+00:00,0.33,0.34,0.6599999999999999,0.6699999999999999,LIVE,LIVE,2026-09-28T01:03:46.512505+00:00,20:05,0.335,0.010000000000000009,0.32524271844660196,2.0,0,91.14255834375524,0.35971130604860263,2.4476433397146065,91.50226964980385,93.34681994038246,2.2797274044060347,6.343781738281294,91.2579715247335,1.736583606164663,94.04349802324853,90.56845707960836,3.475040943640166,0.2702771453940735,93.0,91.96491228070175,1.0350877192982457,0.29147523052147445,96.3437817382813,93.60377989651865,2.740001841762651,0.19124333108805003,90.0,88.89473684210526,1.105263157894737,0.2470042929964021,1.6788816637439423,2.0,92.5,0.2931728303927729,-0.03206988805382904,-0.7297813137397254,-0.8800238800742946,1.5434980232485316,-1.9315429203916352,0.5,-0.5350877192982466,3.8437817382812938,1.1037798965186454,-2.5,-3.60526315789474,-0.9977303501961501
147,2026-08-09,KXHIGHNY-26AUG09,KXHIGHNY-26AUG09-B94.5,"Will the **high temp in NYC** be 94-95° on Aug 9, 2026?",between,94.0,95.0,finalized,no,0.0,2026-08-08 20:05:00+00:00,2026-08-08 20:11:00+00:00,0.04,0.06,0.94,0.96,LIVE,LIVE,2026-09-28T01:03:46.512505+00:00,20:05,0.05,0.019999999999999997,0.04854368932038835,6.0,0,91.14255834375524,0.35971130604860263,2.4476433397146065,91.50226964980385,93.34681994038246,2.2797274044060347,6.343781738281294,91.2579715247335,1.736583606164663,94.04349802324853,90.56845707960836,3.475040943640166,0.2702771453940735,93.0,91.96491228070175,1.0350877192982457,0.29147523052147445,96.3437817382813,93.60377989651865,2.740001841762651,0.19124333108805003,90.0,88.89473684210526,1.105263157894737,0.2470042929964021,1.6788816637439423,2.0,94.5,0.15599390530888313,0.10745021598849477,-2.9755295662364714,-1.6883427778143485,-0.4565019767514684,-3.931542920391635,-1.5,-2.5350877192982466,1.8437817382812938,-0.8962201034813546,-4.5,-5.60526315789474,-2.99773035019615
148,2026-08-09,KXHIGHNY-26AUG09,KXHIGHNY-26AUG09-B96.5,"Will the **high temp in NYC** be 96-97° on Aug 9, 2026?",between,96.0,97.0,finalized,no,0.0,2026-08-08 20:05:00+00:00,2026-08-08 20:11:00+00:00,0.01,0.02,0.98,0.99,LIVE,LIVE,2026-09-28T01:03:46.512505+00:00,20:05,0.015,0.01,0.014563106796116504,6.0,0,91.14255834375524,0.35971130604860263,2.4476433397146065,91.50226964980385,93.34681994038246,2.2797274044060347,6.343781738281294,91.2579715247335,1.736583606164663,94.04349802324853,90.56845707960836,3.475040943640166,0.2702771453940735,93.0,91.96491228070175,1.0350877192982457,0.29147523052147445,96.3437817382813,93.60377989651865,2.740001841762651,0.19124333108805003,90.0,88.89473684210526,1.105263157894737,0.2470042929964021,1.6788816637439423,2.0,96.5,0.04406851892485597,0.029505412128739465,-4.214593690373678,-3.0769405670106247,-2.4565019767514684,-5.931542920391635,-3.5,-4.535087719298247,-0.15621826171870623,-2.8962201034813546,-6.5,-7.60526315789474,-4.99773035019615
144,2026-08-09,KXHIGHNY-26AUG09,KXHIGHNY-26AUG09-T90,"Will the **high temp in NYC** be <90° on Aug 9, 2026?",less,,90.0,finalized,yes,1.0,2026-08-08 20:05:00+00:00,2026-08-08 20:06:00+00:00,0.17,0.18,0.8200000000000001,0.83,LIVE,LIVE,2026-09-28T01:03:46.512505+00:00,20:05,0.175,0.009999999999999981,0.1699029126213592,1.0,1,91.14255834375524,0.35971130604860263,2.4476433397146065,91.50226964980385,93.34681994038246,2.2797274044060347,6.343781738281294,91.2579715247335,1.736583606164663,94.04349802324853,90.56845707960836,3.475040943640166,0.2702771453940735,93.0,91.96491228070175,1.0350877192982457,0.29147523052147445,96.3437817382813,93.60377989651865,2.740001841762651,0.19124333108805003,90.0,88.89473684210526,1.105263157894737,0.2470042929964021,1.6788816637439423,2.0,89.5,0.206667232911101,0.0367643202897418,-1.5863154950132463,-1.345132834983969,4.543498023248532,1.0684570796083648,3.5,2.4649122807017534,6.843781738281294,4.103779896518645,0.5,-0.6052631578947398,2.00226964980385
149,2026-08-09,KXHIGHNY-26AUG09,KXHIGHNY-26AUG09-T97,"Will the **high temp in NYC** be >97° on Aug 9, 2026?",greater,97.0,,finalized,no,0.0,2026-08-08 20:05:00+00:00,2026-08-08 20:48:00+00:00,0.0,0.02,0.98,1.0,LIVE,LIVE,2026-09-28T01:03:46.512505+00:00,20:05,0.01,0.02,0.009708737864077669,43.0,0,91.14255834375524,0.35971130604860263,2.4476433397146065,91.50226964980385,93.34681994038246,2.2797274044060347,6.343781738281294,91.2579715247335,1.736583606164663,94.04349802324853,90.56845707960836,3.475040943640166,0.2702771453940735,93.0,91.96491228070175,1.0350877192982457,0.29147523052147445,96.3437817382813,93.60377989651865,2.740001841762651,0.19124333108805003,90.0,88.89473684210526,1.105263157894737,0.2470042929964021,1.6788816637439423,2.0,97.5,0.007134676369564663,-0.002574061494513006,-4.624972813284271,-4.935628137352186,-3.4565019767514684,-6.931542920391635,-4.5,-5.535087719298247,-1.1562182617187062,-3.8962201034813546,-7.5,-8.60526315789474,-5.99773035019615
151,2026-08-11,KXHIGHNY-26AUG11,KXHIGHNY-26AUG11-B89.5,"Will the **high temp in NYC** be 89-90° on Aug 11, 2026?",between,89.0,90.0,finalized,no,0.0,2026-08-10 20:05:00+00:00,2026-08-10 20:07:00+00:00,0.21,0.22,0.78,0.79,LIVE,LIVE,2026-09-28T01:03:51.784389+00:00,20:05,0.215,0.010000000000000009,0.20873786407766995,2.0,0,87.35435972229645,0.07951790019640971,2.5851866553327687,87.43387762249286,89.59728119880924,1.6575266240081732,3.8208008206275537,87.37898087206923,0.5828736175586824,91.82080082062755,88.20593503323195,3.614865787395599,0.2667345426937442,88.0,86.84745762711864,1.152542372881356,0.28933715399986604,90.56832397460941,87.64897150589248,2.9193524687169377,0.19104062119668183,88.0,86.8135593220339,1.1864406779661016,0.25288768210970797,1.9998365858767793,2.0,89.5,0.222220151411479,0.013482287333809045,-1.3325500851131995,-1.2527749496545426,2.3208008206275537,-1.2940649667680475,-1.5,-2.6525423728813564,1.068323974609413,-1.8510284941075241,-1.5,-2.686440677966104,-2.066122377507142
152,2026-08-11,KXHIGHNY-26AUG11,KXHIGHNY-26AUG11-B91.5,"Will the **high temp in NYC** be 91-92° on Aug 11, 2026?",between,91.0,92.0,finalized,no,0.0,2026-08-10 20:05:00+00:00,2026-08-10 20:06:00+00:00,0.06,0.09,0.91,0.94,LIVE,LIVE,2026-09-28T01:03:51.784389+00:00,20:05,0.075,0.03,0.07281553398058253,1.0,0,87.35435972229645,0.07951790019640971,2.5851866553327687,87.43387762249286,89.59728119880924,1.6575266240081732,3.8208008206275537,87.37898087206923,0.5828736175586824,91.82080082062755,88.20593503323195,3.614865787395599,0.2667345426937442,88.0,86.84745762711864,1.152542372881356,0.28933715399986604,90.56832397460941,87.64897150589248,2.9193524687169377,0.19104062119668183,88.0,86.8135593220339,1.1864406779661016,0.25288768210970797,1.9998365858767793,2.0,91.5,0.092787230269199,0.01997169628861646,-2.54422322694442,-2.280067983390377,0.32080082062755366,-3.2940649667680475,-3.5,-4.652542372881356,-0.9316760253905869,-3.851028494107524,-3.5,-4.686440677966104,-4.066122377507142
153,2026-08-11,KXHIGHNY-26AUG11,KXHIGHNY-26AUG11-B93.5,"Will the **high temp in NYC** be 93-94° on Aug 11, 2026?",between,93.0,94.0,finalized,no,0.0,2026-08-10 20:05:00+00:00,2026-08-10 20:07:00+00:00,0.0,0.01,0.99,1.0,LIVE,LIVE,2026-09-28T01:03:51.784389+00:00,20:05,0.005,0.01,0.004854368932038836,2.0,0,87.35435972229645,0.07951790019640971,2.5851866553327687,87.43387762249286,89.59728119880924,1.6575266240081732,3.8208008206275537,87.37898087206923,0.5828736175586824,91.82080082062755,88.20593503323195,3.614865787395599,0.2667345426937442,88.0,86.84745762711864,1.152542372881356,0.28933715399986604,90.56832397460941,87.64897150589248,2.9193524687169377,0.19104062119668183,88.0,86.8135593220339,1.1864406779661016,0.25288768210970797,1.9998365858767793,2.0,93.5,0.021881925864928986,0.01702755693289015,-5.323009979138408,-3.799969399845788,-1.6791991793724463,-5.2940649667680475,-5.5,-6.652542372881356,-2.931676025390587,-5.851028494107524,-5.5,-6.686440677966104,-6.066122377507142
154,2026-08-11,KXHIGHNY-26AUG11,KXHIGHNY-26AUG11-B95.5,"Will the **high temp in NYC** be 95-96° on Aug 11, 2026?",between,95.0,96.0,finalized,no,0.0,2026-08-10 20:05:00+00:00,2026-08-10 20:46:00+00:00,0.0,0.01,0.99,1.0,LIVE,LIVE,2026-09-28T01:03:51.784389+00:00,20:05,0.005,0.01,0.004854368932038836,41.0,0,87.35435972229645,0.07951790019640971,2.5851866553327687,87.43387762249286,89.59728119880924,1.6575266240081732,3.8208008206275537,87.37898087206923,0.5828736175586824,91.82080082062755,88.20593503323195,3.614865787395599,0.2667345426937442,88.0,86.84745762711864,1.152542372881356,0.28933715399986604,90.56832397460941,87.64897150589248,2.9193524687169377,0.19104062119668183,88.0,86.8135593220339,1.1864406779661016,0.25288768210970797,1.9998365858767793,2.0,95.5,0.0029084063806996685,-0.0019459625513391678,-5.323009979138408,-5.837237339291184,-3.6791991793724463,-7.2940649667680475,-7.5,-8.652542372881356,-4.931676025390587,-7.851028494107524,-7.5,-8.686440677966104,-8.066122377507142
150,2026-08-11,KXHIGHNY-26AUG11,KXHIGHNY-26AUG11-T89,"Will the **high temp in NYC** be <89° on Aug 11, 2026?",less,,89.0,finalized,yes,1.0,2026-08-10 20:05:00+00:00,2026-08-10 20:07:00+00:00,0.72,0.73,0.27,0.28,LIVE,LIVE,2026-09-28T01:03:51.784389+00:00,20:05,0.725,0.010000000000000009,0.7038834951456312,2.0,1,87.35435972229645,0.07951790019640971,2.5851866553327687,87.43387762249286,89.59728119880924,1.6575266240081732,3.8208008206275537,87.37898087206923,0.5828736175586824,91.82080082062755,88.20593503323195,3.614865787395599,0.2667345426937442,88.0,86.84745762711864,1.152542372881356,0.28933715399986604,90.56832397460941,87.64897150589248,2.9193524687169377,0.19104062119668183,88.0,86.8135593220339,1.1864406779661016,0.25288768210970797,1.9998365858767793,2.0,88.5,0.6599756495895848,-0.04390784555604643,0.8658598782472638,0.6631857058787531,3.3208008206275537,-0.2940649667680475,-0.5,-1.6525423728813564,2.068323974609413,-0.8510284941075241,-0.5,-1.6864406779661039,-1.066122377507142
155,2026-08-11,KXHIGHNY-26AUG11,KXHIGHNY-26AUG11-T96,"Will the **high temp in NYC** be >96° on Aug 11, 2026?",greater,96.0,,finalized,no,0.0,2026-08-10 20:05:00+00:00,2026-08-10 20:49:00+00:00,0.0,0.01,0.99,1.0,LIVE,LIVE,2026-09-28T01:03:51.784389+00:00,20:05,0.005,0.01,0.004854368932038836,44.0,0,87.35435972229645,0.07951790019640971,2.5851866553327687,87.43387762249286,89.59728119880924,1.6575266240081732,3.8208008206275537,87.37898087206923,0.5828736175586824,91.82080082062755,88.20593503323195,3.614865787395599,0.2667345426937442,88.0,86.84745762711864,1.152542372881356,0.28933715399986604,90.56832397460941,87.64897150589248,2.9193524687169377,0.19104062119668183,88.0,86.8135593220339,1.1864406779661016,0.25288768210970797,1.9998365858767793,2.0,96.5,0.00022663648410858883,-0.004627732447930247,-5.323009979138408,-6.906754778648554,-4.679199179372446,-8.294064966768047,-8.5,-9.652542372881356,-5.931676025390587,-8.851028494107524,-8.5,-9.686440677966104,-9.066122377507142
157,2026-08-12,KXHIGHNY-26AUG12,KXHIGHNY-26AUG12-B83.5,"Will the **high temp in NYC** be 83-84° on Aug 12, 2026?",between,83.0,84.0,finalized,yes,1.0,2026-08-11 20:05:00+00:00,2026-08-11 20:07:00+00:00,0.46,0.47,0.53,0.54,LIVE,LIVE,2026-09-28T01:03:54.353509+00:00,20:05,0.46499999999999997,0.009999999999999953,0.47938144329896903,2.0,1,84.56221107372495,-0.001611353886685644,2.5787969850081507,84.56059971983827,86.68201423891131,1.4430296675440024,3.5968777564264087,84.42406423097015,1.0894878017429737,89.16246735603582,85.49416931808635,3.6682980379494645,0.26412284264199576,86.0,84.81666666666666,1.1833333333333333,0.289871024540851,85.56558959960941,82.60208760579427,2.9635019938151457,0.19187780760055212,86.0,84.78333333333333,1.2166666666666666,0.25412832521660117,2.406457572029298,2.0,83.5,0.2784966676895241,-0.20088477560944495,-0.08252102368800371,-0.9519309027026152,5.662467356035819,1.9941693180863496,2.5,1.3166666666666629,2.0655895996094102,-0.8979123942057328,2.5,1.2833333333333314,1.0605997198382653
158,2026-08-12,KXHIGHNY-26AUG12,KXHIGHNY-26AUG12-B85.5,"Will the **high temp in NYC** be 85-86° on Aug 12, 2026?",between,85.0,86.0,finalized,no,0.0,2026-08-11 20:05:00+00:00,2026-08-11 20:06:00+00:00,0.32,0.33,0.6699999999999999,0.6799999999999999,LIVE,LIVE,2026-09-28T01:03:54.353509+00:00,20:05,0.325,0.010000000000000009,0.3350515463917526,1.0,0,84.56221107372495,-0.001611353886685644,2.5787969850081507,84.56059971983827,86.68201423891131,1.4430296675440024,3.5968777564264087,84.42406423097015,1.0894878017429737,89.16246735603582,85.49416931808635,3.6682980379494645,0.26412284264199576,86.0,84.81666666666666,1.1833333333333333,0.289871024540851,85.56558959960941,82.60208760579427,2.9635019938151457,0.19187780760055212,86.0,84.78333333333333,1.2166666666666666,0.25412832521660117,2.406457572029298,2.0,85.5,0.2833653409933402,-0.0516862053984124,-0.6854251344660348,-0.9278291469574428,3.662467356035819,-0.005830681913650437,0.5,-0.6833333333333371,0.06558959960941024,-2.8979123942057328,0.5,-0.7166666666666686,-0.9394002801617347
159,2026-08-12,KXHIGHNY-26AUG12,KXHIGHNY-26AUG12-B87.5,"Will the **high temp in NYC** be 87-88° on Aug 12, 2026?",between,87.0,88.0,finalized,no,0.0,2026-08-11 20:05:00+00:00,2026-08-11 20:06:00+00:00,0.1,0.11,0.89,0.9,LIVE,LIVE,2026-09-28T01:03:54.353509+00:00,20:05,0.10500000000000001,0.009999999999999995,0.10824742268041239,1.0,0,84.56221107372495,-0.001611353886685644,2.5787969850081507,84.56059971983827,86.68201423891131,1.4430296675440024,3.5968777564264087,84.42406423097015,1.0894878017429737,89.16246735603582,85.49416931808635,3.6682980379494645,0.26412284264199576,86.0,84.81666666666666,1.1833333333333333,0.289871024540851,85.56558959960941,82.60208760579427,2.9635019938151457,0.19187780760055212,86.0,84.78333333333333,1.2166666666666666,0.25412832521660117,2.406457572029298,2.0,87.5,0.1627041334536833,0.0544567107732709,-2.108769156774356,-1.6382440732800312,1.662467356035819,-2.0058306819136504,-1.5,-2.683333333333337,-1.9344104003905898,-4.897912394205733,-1.5,-2.7166666666666686,-2.9394002801617347
160,2026-08-12,KXHIGHNY-26AUG12,KXHIGHNY-26AUG12-B89.5,"Will the **high temp in NYC** be 89-90° on Aug 12, 2026?",between,89.0,90.0,finalized,no,0.0,2026-08-11 20:05:00+00:00,2026-08-11 20:47:00+00:00,0.01,0.02,0.98,0.99,LIVE,LIVE,2026-09-28T01:03:54.353509+00:00,20:05,0.015,0.01,0.015463917525773196,42.0,0,84.56221107372495,-0.001611353886685644,2.5787969850081507,84.56059971983827,86.68201423891131,1.4430296675440024,3.5968777564264087,84.42406423097015,1.0894878017429737,89.16246735603582,85.49416931808635,3.6682980379494645,0.26412284264199576,86.0,84.81666666666666,1.1833333333333333,0.289871024540851,85.56558959960941,82.60208760579427,2.9635019938151457,0.19187780760055212,86.0,84.78333333333333,1.2166666666666666,0.25412832521660117,2.406457572029298,2.0,89.5,0.05266977296365494,0.03720585543788174,-4.15366113937852,-2.889606018050925,-0.33753264396418103,-4.00583068191365,-3.5,-4.683333333333337,-3.9344104003905898,-6.897912394205733,-3.5,-4.716666666666669,-4.939400280161735
156,2026-08-12,KXHIGHNY-26AUG12,KXHIGHNY-26AUG12-T83,"Will the **high temp in NYC** be <83° on Aug 12, 2026?",less,,83.0,finalized,no,0.0,2026-08-11 20:05:00+00:00,2026-08-11 20:19:00+00:00,0.04,0.07,0.9299999999999999,0.96,LIVE,LIVE,2026-09-28T01:03:54.353509+00:00,20:05,0.05500000000000001,0.030000000000000006,0.05670103092783506,14.0,0,84.56221107372495,-0.001611353886685644,2.5787969850081507,84.56059971983827,86.68201423891131,1.4430296675440024,3.5968777564264087,84.42406423097015,1.0894878017429737,89.16246735603582,85.49416931808635,3.6682980379494645,0.26412284264199576,86.0,84.81666666666666,1.1833333333333333,0.289871024540851,85.56558959960941,82.60208760579427,2.9635019938151457,0.19187780760055212,86.0,84.78333333333333,1.2166666666666666,0.25412832521660117,2.406457572029298,2.0,82.5,0.21212936230961876,0.1554283313817837,-2.8115908800430502,-1.3121376228641077,6.662467356035819,2.9941693180863496,3.5,2.316666666666663,3.0655895996094102,0.10208760579426723,3.5,2.2833333333333314,2.0605997198382653
161,2026-08-12,KXHIGHNY-26AUG12,KXHIGHNY-26AUG12-T90,"Will the **high temp in NYC** be >90° on Aug 12, 2026?",greater,90.0,,finalized,no,0.0,2026-08-11 20:05:00+00:00,2026-08-11 20:21:00+00:00,0.0,0.01,0.99,1.0,LIVE,LIVE,2026-09-28T01:03:54.353509+00:00,20:05,0.005,0.01,0.005154639175257732,16.0,0,84.56221107372495,-0.001611353886685644,2.5787969850081507,84.56059971983827,86.68201423891131,1.4430296675440024,3.5968777564264087,84.42406423097015,1.0894878017429737,89.16246735603582,85.49416931808635,3.6682980379494645,0.26412284264199576,86.0,84.81666666666666,1.1833333333333333,0.289871024540851,85.56558959960941,82.60208760579427,2.9635019938151457,0.19187780760055212,86.0,84.78333333333333,1.2166666666666666,0.25412832521660117,2.406457572029298,2.0,90.5,0.010634722590178725,0.005480083414920993,-5.262690188904886,-4.532939239882353,-1.337532643964181,-5.00583068191365,-4.5,-5.683333333333337,-4.93441040039059,-7.897912394205733,-4.5,-5.716666666666669,-5.939400280161735
163,2026-08-13,KXHIGHNY-26AUG13,KXHIGHNY-26AUG13-B85.5,"Will the **high temp in NYC** be 85-86° on Aug 13, 2026?",between,85.0,86.0,finalized,yes,1.0,2026-08-12 20:05:00+00:00,2026-08-12 20:06:00+00:00,0.31,0.32,0.6799999999999999,0.69,LIVE,LIVE,2026-09-28T01:03:56.840546+00:00,20:05,0.315,0.010000000000000009,0.3088235294117647,1.0,1,82.96852554679502,-0.019695215816952327,2.537451195226408,82.94883033097807,84.88050957464404,3.164341769099597,8.717238493888587,82.61560769406402,3.1282339159748953,89.11963839623238,85.42684577929789,3.692792616934487,0.2629516904842964,84.0,82.80327868852459,1.1967213114754098,0.2902052675085848,80.40239990234379,77.46181450515496,2.9405853971888223,0.19205390778174727,86.0,84.77049180327869,1.2295081967213115,0.2547891342253716,2.01672374209745,2.0,85.5,0.18966598428594195,-0.11915754512582277,-0.8056251639866355,-1.4521819800841163,3.619638396232375,-0.07315422070210786,-1.5,-2.6967213114754145,-5.097600097656212,-8.038185494845038,0.5,-0.7295081967213122,-2.551169669021931
164,2026-08-13,KXHIGHNY-26AUG13,KXHIGHNY-26AUG13-B87.5,"Will the **high temp in NYC** be 87-88° on Aug 13, 2026?",between,87.0,88.0,finalized,no,0.0,2026-08-12 20:05:00+00:00,2026-08-12 20:06:00+00:00,0.09,0.11,0.89,0.91,LIVE,LIVE,2026-09-28T01:03:56.840546+00:00,20:05,0.1,0.020000000000000004,0.09803921568627451,1.0,0,82.96852554679502,-0.019695215816952327,2.537451195226408,82.94883033097807,84.88050957464404,3.164341769099597,8.717238493888587,82.61560769406402,3.1282339159748953,89.11963839623238,85.42684577929789,3.692792616934487,0.2629516904842964,84.0,82.80327868852459,1.1967213114754098,0.2902052675085848,80.40239990234379,77.46181450515496,2.9405853971888223,0.19205390778174727,86.0,84.77049180327869,1.2295081967213115,0.2547891342253716,2.01672374209745,2.0,87.5,0.06648524443564985,-0.03155397125062466,-2.2192034840549946,-2.6419767347121916,1.619638396232375,-2.073154220702108,-3.5,-4.6967213114754145,-7.097600097656212,-10.038185494845038,-1.5,-2.729508196721312,-4.551169669021931
165,2026-08-13,KXHIGHNY-26AUG13,KXHIGHNY-26AUG13-B89.5,"Will the **high temp in NYC** be 89-90° on Aug 13, 2026?",between,89.0,90.0,finalized,no,0.0,2026-08-12 20:05:00+00:00,2026-08-12 20:26:00+00:00,0.04,0.05,0.95,0.96,LIVE,LIVE,2026-09-28T01:03:56.840546+00:00,20:05,0.045,0.010000000000000002,0.044117647058823525,21.0,0,82.96852554679502,-0.019695215816952327,2.537451195226408,82.94883033097807,84.88050957464404,3.164341769099597,8.717238493888587,82.61560769406402,3.1282339159748953,89.11963839623238,85.42684577929789,3.692792616934487,0.2629516904842964,84.0,82.80327868852459,1.1967213114754098,0.2902052675085848,80.40239990234379,77.46181450515496,2.9405853971888223,0.19205390778174727,86.0,84.77049180327869,1.2295081967213115,0.2547891342253716,2.01672374209745,2.0,89.5,0.01288519850940073,-0.031232448549422795,-3.0757749812275277,-4.338707096011029,-0.38036160376762496,-4.073154220702108,-5.5,-6.6967213114754145,-9.097600097656212,-12.038185494845038,-3.5,-4.729508196721312,-6.551169669021931
166,2026-08-13,KXHIGHNY-26AUG13,KXHIGHNY-26AUG13-B91.5,"Will the **high temp in NYC** be 91-92° on Aug 13, 2026?",between,91.0,92.0,finalized,no,0.0,2026-08-12 20:05:00+00:00,2026-08-12 20:23:00+00:00,0.0,0.02,0.98,1.0,LIVE,LIVE,2026-09-28T01:03:56.840546+00:00,20:05,0.01,0.02,0.00980392156862745,18.0,0,82.96852554679502,-0.019695215816952327,2.537451195226408,82.94883033097807,84.88050957464404,3.164341769099597,8.717238493888587,82.61560769406402,3.1282339159748953,89.11963839623238,85.42684577929789,3.692792616934487,0.2629516904842964,84.0,82.80327868852459,1.1967213114754098,0.2902052675085848,80.40239990234379,77.46181450515496,2.9405853971888223,0.19205390778174727,86.0,84.77049180327869,1.2295081967213115,0.2547891342253716,2.01672374209745,2.0,91.5,0.0013771277119768444,-0.008426793856650606,-4.61512051684126,-6.586377240178847,-2.380361603767625,-6.073154220702108,-7.5,-8.696721311475414,-11.097600097656212,-14.038185494845038,-5.5,-6.729508196721312,-8.551169669021931
162,2026-08-13,KXHIGHNY-26AUG13,KXHIGHNY-26AUG13-T85,"Will the **high temp in NYC** be <85° on Aug 13, 2026?",less,,85.0,finalized,no,0.0,2026-08-12 20:05:00+00:00,2026-08-12 20:06:00+00:00,0.54,0.55,0.44999999999999996,0.45999999999999996,LIVE,LIVE,2026-09-28T01:03:56.840546+00:00,20:05,0.545,0.010000000000000009,0.5343137254901961,1.0,0,82.96852554679502,-0.019695215816952327,2.537451195226408,82.94883033097807,84.88050957464404,3.164341769099597,8.717238493888587,82.61560769406402,3.1282339159748953,89.11963839623238,85.42684577929789,3.692792616934487,0.2629516904842964,84.0,82.80327868852459,1.1967213114754098,0.2902052675085848,80.40239990234379,77.46181450515496,2.9405853971888223,0.19205390778174727,86.0,84.77049180327869,1.2295081967213115,0.2547891342253716,2.01672374209745,2.0,84.5,0.7295028634232241,0.19518913793302806,0.13747099062860288,0.9921017805787915,4.619638396232375,0.9268457792978921,-0.5,-1.6967213114754145,-4.097600097656212,-7.038185494845038,1.5,0.2704918032786878,-1.551169669021931
167,2026-08-13,KXHIGHNY-26AUG13,KXHIGHNY-26AUG13-T92,"Will the **high temp in NYC** be >92° on Aug 13, 2026?",greater,92.0,,finalized,no,0.0,2026-08-12 20:05:00+00:00,2026-08-12 20:23:00+00:00,0.0,0.01,0.99,1.0,LIVE,LIVE,2026-09-28T01:03:56.840546+00:00,20:05,0.005,0.01,0.004901960784313725,18.0,0,82.96852554679502,-0.019695215816952327,2.537451195226408,82.94883033097807,84.88050957464404,3.164341769099597,8.717238493888587,82.61560769406402,3.1282339159748953,89.11963839623238,85.42684577929789,3.692792616934487,0.2629516904842964,84.0,82.80327868852459,1.1967213114754098,0.2902052675085848,80.40239990234379,77.46181450515496,2.9405853971888223,0.19205390778174727,86.0,84.77049180327869,1.2295081967213115,0.2547891342253716,2.01672374209745,2.0,92.5,8.358163380650652e-05,-0.004818379150507219,-5.313205979041787,-6.906754778648554,-3.380361603767625,-7.073154220702108,-8.5,-9.696721311475414,-12.097600097656212,-15.038185494845038,-6.5,-7.729508196721312,-9.551169669021931
169,2026-08-14,KXHIGHNY-26AUG14,KXHIGHNY-26AUG14-B85.5,"Will the maximum temperature be 85-86° on Aug 14, 2026?",between,85.0,86.0,finalized,no,0.0,2026-08-13 20:05:00+00:00,2026-08-13 20:08:00+00:00,0.39,0.4,0.6,0.61,LIVE,LIVE,2026-09-28T01:03:59.338809+00:00,20:05,0.395,0.010000000000000009,0.3872549019607843,3.0,0,85.11367229354246,0.044403836339983016,2.52238734857761,85.15807612988245,87.30946017357613,0.9172299460519374,2.4684486044607183,85.08301623341444,0.4423752624987967,88.46844860446072,84.76877137818272,3.699677226278001,0.26576498480937205,87.0,85.83870967741936,1.1612903225806452,0.28933034843371214,87.76939208984379,84.9503903296686,2.8190017601751927,0.18685327491063214,86.0,84.7741935483871,1.2258064516129032,0.25805139184628373,2.32960242245801,2.0,85.5,0.30555183287058557,-0.08170306909019875,-0.4588658848352796,-0.8209980961286653,2.9684486044607183,-0.7312286218172801,1.5,0.3387096774193594,2.269392089843791,-0.5496096703314066,0.5,-0.7258064516128968,-0.34192387011755443
170,2026-08-14,KXHIGHNY-26AUG14,KXHIGHNY-26AUG14-B87.5,"Will the maximum temperature be 87-88° on Aug 14, 2026?",between,87.0,88.0,finalized,no,0.0,2026-08-13 20:05:00+00:00,2026-08-13 20:08:00+00:00,0.1,0.11,0.89,0.9,LIVE,LIVE,2026-09-28T01:03:59.338809+00:00,20:05,0.10500000000000001,0.009999999999999995,0.10294117647058824,3.0,0,85.11367229354246,0.044403836339983016,2.52238734857761,85.15807612988245,87.30946017357613,0.9172299460519374,2.4684486044607183,85.08301623341444,0.4423752624987967,88.46844860446072,84.76877137818272,3.699677226278001,0.26576498480937205,87.0,85.83870967741936,1.1612903225806452,0.28933034843371214,87.76939208984379,84.9503903296686,2.8190017601751927,0.18685327491063214,86.0,84.7741935483871,1.2258064516129032,0.25805139184628373,2.32960242245801,2.0,87.5,0.20475978900757552,0.10181861253698728,-2.164963715117998,-1.3568066900561337,0.9684486044607183,-2.73122862181728,-0.5,-1.6612903225806406,0.2693920898437909,-2.5496096703314066,-1.5,-2.725806451612897,-2.3419238701175544
171,2026-08-14,KXHIGHNY-26AUG14,KXHIGHNY-26AUG14-B89.5,"Will the maximum temperature be 89-90° on Aug 14, 2026?",between,89.0,90.0,finalized,no,0.0,2026-08-13 20:05:00+00:00,2026-08-13 20:30:00+00:00,0.02,0.03,0.97,0.98,LIVE,LIVE,2026-09-28T01:03:59.338809+00:00,20:05,0.025,0.009999999999999998,0.024509803921568627,25.0,0,85.11367229354246,0.044403836339983016,2.52238734857761,85.15807612988245,87.30946017357613,0.9172299460519374,2.4684486044607183,85.08301623341444,0.4423752624987967,88.46844860446072,84.76877137818272,3.699677226278001,0.26576498480937205,87.0,85.83870967741936,1.1612903225806452,0.28933034843371214,87.76939208984379,84.9503903296686,2.8190017601751927,0.18685327491063214,86.0,84.7741935483871,1.2258064516129032,0.25805139184628373,2.32960242245801,2.0,89.5,0.07550550995751248,0.05099570603594386,-3.6838669122903918,-2.5050414577152083,-1.0315513955392817,-4.73122862181728,-2.5,-3.6612903225806406,-1.730607910156209,-4.549609670331407,-3.5,-4.725806451612897,-4.341923870117554
172,2026-08-14,KXHIGHNY-26AUG14,KXHIGHNY-26AUG14-B91.5,"Will the maximum temperature be 91-92° on Aug 14, 2026?",between,91.0,92.0,finalized,no,0.0,2026-08-13 20:05:00+00:00,2026-08-13 20:34:00+00:00,0.0,0.01,0.99,1.0,LIVE,LIVE,2026-09-28T01:03:59.338809+00:00,20:05,0.005,0.01,0.004901960784313725,29.0,0,85.11367229354246,0.044403836339983016,2.52238734857761,85.15807612988245,87.30946017357613,0.9172299460519374,2.4684486044607183,85.08301623341444,0.4423752624987967,88.46844860446072,84.76877137818272,3.699677226278001,0.26576498480937205,87.0,85.83870967741936,1.1612903225806452,0.28933034843371214,87.76939208984379,84.9503903296686,2.8190017601751927,0.18685327491063214,86.0,84.7741935483871,1.2258064516129032,0.25805139184628373,2.32960242245801,2.0,91.5,0.015292728854511162,0.010390768070197436,-5.313205979041787,-4.164966933179408,-3.0315513955392817,-6.73122862181728,-4.5,-5.661290322580641,-3.730607910156209,-6.549609670331407,-5.5,-6.725806451612897,-6.341923870117554
168,2026-08-14,KXHIGHNY-26AUG14,KXHIGHNY-26AUG14-T85,"Will the maximum temperature be <85° on Aug 14, 2026?",less,,85.0,finalized,yes,1.0,2026-08-13 20:05:00+00:00,2026-08-13 20:06:00+00:00,0.48,0.49,0.51,0.52,LIVE,LIVE,2026-09-28T01:03:59.338809+00:00,20:05,0.485,0.010000000000000009,0.47549019607843135,1.0,1,85.11367229354246,0.044403836339983016,2.52238734857761,85.15807612988245,87.30946017357613,0.9172299460519374,2.4684486044607183,85.08301623341444,0.4423752624987967,88.46844860446072,84.76877137818272,3.699677226278001,0.26576498480937205,87.0,85.83870967741936,1.1612903225806452,0.28933034843371214,87.76939208984379,84.9503903296686,2.8190017601751927,0.18685327491063214,86.0,84.7741935483871,1.2258064516129032,0.25805139184628373,2.32960242245801,2.0,84.5,0.3970870640757323,-0.07840313200269905,-0.09811785595852349,-0.41761723981411764,3.9684486044607183,0.2687713781827199,2.5,1.3387096774193594,3.269392089843791,0.4503903296685934,1.5,0.2741935483871032,0.6580761298824456
173,2026-08-14,KXHIGHNY-26AUG14,KXHIGHNY-26AUG14-T92,"Will the maximum temperature be >92° on Aug 14, 2026?",greater,92.0,,finalized,no,0.0,2026-08-13 20:05:00+00:00,2026-08-13 20:42:00+00:00,0.0,0.01,0.99,1.0,LIVE,LIVE,2026-09-28T01:03:59.338809+00:00,20:05,0.005,0.01,0.004901960784313725,37.0,0,85.11367229354246,0.044403836339983016,2.52238734857761,85.15807612988245,87.30946017357613,0.9172299460519374,2.4684486044607183,85.08301623341444,0.4423752624987967,88.46844860446072,84.76877137818272,3.699677226278001,0.26576498480937205,87.0,85.83870967741936,1.1612903225806452,0.28933034843371214,87.76939208984379,84.9503903296686,2.8190017601751927,0.18685327491063214,86.0,84.7741935483871,1.2258064516129032,0.25805139184628373,2.32960242245801,2.0,92.5,0.0018030752340829626,-0.003098885550230763,-5.313205979041787,-6.316456905733173,-4.031551395539282,-7.73122862181728,-5.5,-6.661290322580641,-4.730607910156209,-7.549609670331407,-6.5,-7.725806451612897,-7.341923870117554
175,2026-08-15,KXHIGHNY-26AUG15,KXHIGHNY-26AUG15-B80.5,"Will the maximum temperature be 80-81° on Aug 15, 2026?",between,80.0,81.0,finalized,no,0.0,2026-08-14 20:05:00+00:00,2026-08-14 20:10:00+00:00,0.27,0.31,0.69,0.73,LIVE,LIVE,2026-09-28T01:04:01.734643+00:00,20:05,0.29000000000000004,0.03999999999999998,0.29000000000000004,5.0,0,81.86056997144786,0.009310620282939157,2.490833668993695,81.8698805917308,84.07341797859439,1.237861328013571,3.018701211252562,81.82978330456899,0.30976858650242883,86.01870121125256,82.30682126468595,3.711879946566616,0.2664880820069183,83.0,81.80952380952381,1.1904761904761905,0.2870851247627873,84.27497070312504,81.44088338216145,2.834087320963583,0.187586460477943,83.0,81.76190476190476,1.2380952380952381,0.2588403327523515,1.798278165191579,2.0,80.5,0.27028504561582717,-0.019714954384172867,-0.8953840470548412,-0.9931768578252554,5.518701211252562,1.8068212646859507,2.5,1.3095238095238102,3.7749707031250352,0.9408833821614451,2.5,1.2619047619047592,1.369880591730805
176,2026-08-15,KXHIGHNY-26AUG15,KXHIGHNY-26AUG15-B82.5,"Will the maximum temperature be 82-83° on Aug 15, 2026?",between,82.0,83.0,finalized,yes,1.0,2026-08-14 20:05:00+00:00,2026-08-14 20:06:00+00:00,0.43,0.44,0.56,0.5700000000000001,LIVE,LIVE,2026-09-28T01:04:01.734643+00:00,20:05,0.435,0.010000000000000009,0.435,1.0,1,81.86056997144786,0.009310620282939157,2.490833668993695,81.8698805917308,84.07341797859439,1.237861328013571,3.018701211252562,81.82978330456899,0.30976858650242883,86.01870121125256,82.30682126468595,3.711879946566616,0.2664880820069183,83.0,81.80952380952381,1.1904761904761905,0.2870851247627873,84.27497070312504,81.44088338216145,2.834087320963583,0.187586460477943,83.0,81.76190476190476,1.2380952380952381,0.2588403327523515,1.798278165191579,2.0,82.5,0.3026127771904174,-0.1323872228095826,-0.2614797000577567,-0.8348867877442016,3.518701211252562,-0.19317873531404928,0.5,-0.6904761904761898,1.7749707031250352,-1.059116617838555,0.5,-0.7380952380952408,-0.630119408269195
177,2026-08-15,KXHIGHNY-26AUG15,KXHIGHNY-26AUG15-B84.5,"Will the maximum temperature be 84-85° on Aug 15, 2026?",between,84.0,85.0,finalized,no,0.0,2026-08-14 20:05:00+00:00,2026-08-14 20:16:00+00:00,0.17,0.18,0.8200000000000001,0.83,LIVE,LIVE,2026-09-28T01:04:01.734643+00:00,20:05,0.175,0.009999999999999981,0.175,11.0,0,81.86056997144786,0.009310620282939157,2.490833668993695,81.8698805917308,84.07341797859439,1.237861328013571,3.018701211252562,81.82978330456899,0.30976858650242883,86.01870121125256,82.30682126468595,3.711879946566616,0.2664880820069183,83.0,81.80952380952381,1.1904761904761905,0.2870851247627873,84.27497070312504,81.44088338216145,2.834087320963583,0.187586460477943,83.0,81.76190476190476,1.2380952380952381,0.2588403327523515,1.798278165191579,2.0,84.5,0.18390763592816772,0.008907635928167734,-1.550597412411167,-1.4900938868986986,1.5187012112525622,-2.1931787353140493,-1.5,-2.69047619047619,-0.22502929687496476,-3.059116617838555,-1.5,-2.738095238095241,-2.630119408269195
178,2026-08-15,KXHIGHNY-26AUG15,KXHIGHNY-26AUG15-B86.5,"Will the maximum temperature be 86-87° on Aug 15, 2026?",between,86.0,87.0,finalized,no,0.0,2026-08-14 20:05:00+00:00,2026-08-14 20:31:00+00:00,0.03,0.04,0.96,0.97,LIVE,LIVE,2026-09-28T01:04:01.734643+00:00,20:05,0.035,0.010000000000000002,0.035,26.0,0,81.86056997144786,0.009310620282939157,2.490833668993695,81.8698805917308,84.07341797859439,1.237861328013571,3.018701211252562,81.82978330456899,0.30976858650242883,86.01870121125256,82.30682126468595,3.711879946566616,0.2664880820069183,83.0,81.80952380952381,1.1904761904761905,0.2870851247627873,84.27497070312504,81.44088338216145,2.834087320963583,0.187586460477943,83.0,81.76190476190476,1.2380952380952381,0.2588403327523515,1.798278165191579,2.0,86.5,0.06060397106088966,0.025603971060889658,-3.316780039849572,-2.740876726366947,-0.4812987887474378,-4.193178735314049,-3.5,-4.69047619047619,-2.2250292968749648,-5.059116617838555,-3.5,-4.738095238095241,-4.630119408269195
174,2026-08-15,KXHIGHNY-26AUG15,KXHIGHNY-26AUG15-T80,"Will the maximum temperature be <80° on Aug 15, 2026?",less,,80.0,finalized,no,0.0,2026-08-14 20:05:00+00:00,2026-08-14 20:06:00+00:00,0.04,0.08,0.92,0.96,LIVE,LIVE,2026-09-28T01:04:01.734643+00:00,20:05,0.06,0.04,0.06,1.0,0,81.86056997144786,0.009310620282939157,2.490833668993695,81.8698805917308,84.07341797859439,1.237861328013571,3.018701211252562,81.82978330456899,0.30976858650242883,86.01870121125256,82.30682126468595,3.711879946566616,0.2664880820069183,83.0,81.80952380952381,1.1904761904761905,0.2870851247627873,84.27497070312504,81.44088338216145,2.834087320963583,0.187586460477943,83.0,81.76190476190476,1.2380952380952381,0.2588403327523515,1.798278165191579,2.0,79.5,0.17069034759203006,0.11069034759203006,-2.751535313041949,-1.580742528445022,6.518701211252562,2.8068212646859507,3.5,2.30952380952381,4.774970703125035,1.940883382161445,3.5,2.261904761904759,2.369880591730805
179,2026-08-15,KXHIGHNY-26AUG15,KXHIGHNY-26AUG15-T87,"Will the maximum temperature be >87° on Aug 15, 2026?",greater,87.0,,finalized,no,0.0,2026-08-14 20:05:00+00:00,2026-08-14 20:08:00+00:00,0.0,0.01,0.99,1.0,LIVE,LIVE,2026-09-28T01:04:01.734643+00:00,20:05,0.005,0.01,0.005,3.0,0,81.86056997144786,0.009310620282939157,2.490833668993695,81.8698805917308,84.07341797859439,1.237861328013571,3.018701211252562,81.82978330456899,0.30976858650242883,86.01870121125256,82.30682126468595,3.711879946566616,0.2664880820069183,83.0,81.80952380952381,1.1904761904761905,0.2870851247627873,84.27497070312504,81.44088338216145,2.834087320963583,0.187586460477943,83.0,81.76190476190476,1.2380952380952381,0.2588403327523515,1.798278165191579,2.0,87.5,0.011900222612667988,0.006900222612667988,-5.293304824724492,-4.419226575017828,-1.4812987887474378,-5.193178735314049,-4.5,-5.69047619047619,-3.2250292968749648,-6.059116617838555,-4.5,-5.738095238095241,-5.630119408269195
181,2026-08-17,KXHIGHNY-26AUG17,KXHIGHNY-26AUG17-B84.5,"Will the maximum temperature be 84-85° on Aug 17, 2026?",between,84.0,85.0,finalized,no,0.0,2026-08-16 20:05:00+00:00,2026-08-16 20:06:00+00:00,0.14,0.18,0.8200000000000001,0.86,LIVE,LIVE,2026-09-28T01:04:06.635519+00:00,20:05,0.16,0.03999999999999998,0.15311004784688997,1.0,0,81.92151108261078,0.12417143906430478,2.471625113150313,82.04568252167508,83.91952866092807,1.7254288270089375,4.62696474136844,81.73603268606787,1.5072579424275503,86.65253969254036,83.00693526275104,3.6456044297893118,0.2660196664264793,83.0,81.8923076923077,1.1076923076923078,0.28367766406385403,82.02557495117192,79.22950317382814,2.7960717773437906,0.1904618091622894,84.0,82.81538461538462,1.1846153846153846,0.25984086034737736,3.1745986449540977,3.0,84.5,0.19701194241331665,0.04390189456642668,-1.7104138297741025,-1.4050754933024636,2.1525396925403584,-1.4930647372489574,-1.5,-2.6076923076923038,-2.4744250488280812,-5.270496826171865,-0.5,-1.684615384615384,-2.454317478324924
182,2026-08-17,KXHIGHNY-26AUG17,KXHIGHNY-26AUG17-B86.5,"Will the maximum temperature be 86-87° on Aug 17, 2026?",between,86.0,87.0,finalized,no,0.0,2026-08-16 20:05:00+00:00,2026-08-16 20:08:00+00:00,0.05,0.06,0.94,0.95,LIVE,LIVE,2026-09-28T01:04:06.635519+00:00,20:05,0.055,0.009999999999999995,0.052631578947368425,3.0,0,81.92151108261078,0.12417143906430478,2.471625113150313,82.04568252167508,83.91952866092807,1.7254288270089375,4.62696474136844,81.73603268606787,1.5072579424275503,86.65253969254036,83.00693526275104,3.6456044297893118,0.2660196664264793,83.0,81.8923076923077,1.1076923076923078,0.28367766406385403,82.02557495117192,79.22950317382814,2.7960717773437906,0.1904618091622894,84.0,82.81538461538462,1.1846153846153846,0.25984086034737736,3.1745986449540977,3.0,86.5,0.06745324205923742,0.014821663111868992,-2.8903717578961645,-2.6264846452143202,0.15253969254035837,-3.4930647372489574,-3.5,-4.607692307692304,-4.474425048828081,-7.270496826171865,-2.5,-3.684615384615384,-4.454317478324924
183,2026-08-17,KXHIGHNY-26AUG17,KXHIGHNY-26AUG17-B88.5,"Will the maximum temperature be 88-89° on Aug 17, 2026?",between,88.0,89.0,finalized,no,0.0,2026-08-16 20:05:00+00:00,2026-08-16 20:22:00+00:00,0.01,0.02,0.98,0.99,LIVE,LIVE,2026-09-28T01:04:06.635519+00:00,20:05,0.015,0.01,0.014354066985645933,17.0,0,81.92151108261078,0.12417143906430478,2.471625113150313,82.04568252167508,83.91952866092807,1.7254288270089375,4.62696474136844,81.73603268606787,1.5072579424275503,86.65253969254036,83.00693526275104,3.6456044297893118,0.2660196664264793,83.0,81.8923076923077,1.1076923076923078,0.28367766406385403,82.02557495117192,79.22950317382814,2.7960717773437906,0.1904618091622894,84.0,82.81538461538462,1.1846153846153846,0.25984086034737736,3.1745986449540977,3.0,88.5,0.012384090295128991,-0.0019699766905169423,-4.229263880121471,-4.378881258709344,-1.8474603074596416,-5.493064737248957,-5.5,-6.607692307692304,-6.474425048828081,-9.270496826171865,-4.5,-5.684615384615384,-6.454317478324924
184,2026-08-17,KXHIGHNY-26AUG17,KXHIGHNY-26AUG17-B90.5,"Will the maximum temperature be 90-91° on Aug 17, 2026?",between,90.0,91.0,finalized,no,0.0,2026-08-16 20:05:00+00:00,2026-08-16 20:45:00+00:00,0.0,0.01,0.99,1.0,LIVE,LIVE,2026-09-28T01:04:06.635519+00:00,20:05,0.005,0.01,0.004784688995215312,40.0,0,81.92151108261078,0.12417143906430478,2.471625113150313,82.04568252167508,83.91952866092807,1.7254288270089375,4.62696474136844,81.73603268606787,1.5072579424275503,86.65253969254036,83.00693526275104,3.6456044297893118,0.2660196664264793,83.0,81.8923076923077,1.1076923076923078,0.28367766406385403,82.02557495117192,79.22950317382814,2.7960717773437906,0.1904618091622894,84.0,82.81538461538462,1.1846153846153846,0.25984086034737736,3.1745986449540977,3.0,90.5,0.0012154954781513627,-0.003569193517063949,-5.337538079701318,-6.71138724957828,-3.8474603074596416,-7.493064737248957,-7.5,-8.607692307692304,-8.474425048828081,-11.270496826171865,-6.5,-7.684615384615384,-8.454317478324924
180,2026-08-17,KXHIGHNY-26AUG17,KXHIGHNY-26AUG17-T84,"Will the maximum temperature be <84° on Aug 17, 2026?",less,,84.0,finalized,yes,1.0,2026-08-16 20:05:00+00:00,2026-08-16 20:06:00+00:00,0.79,0.82,0.18000000000000005,0.20999999999999996,LIVE,LIVE,2026-09-28T01:04:06.635519+00:00,20:05,0.8049999999999999,0.029999999999999916,0.7703349282296651,1.0,1,81.92151108261078,0.12417143906430478,2.471625113150313,82.04568252167508,83.91952866092807,1.7254288270089375,4.62696474136844,81.73603268606787,1.5072579424275503,86.65253969254036,83.00693526275104,3.6456044297893118,0.2660196664264793,83.0,81.8923076923077,1.1076923076923078,0.28367766406385403,82.02557495117192,79.22950317382814,2.7960717773437906,0.1904618091622894,84.0,82.81538461538462,1.1846153846153846,0.25984086034737736,3.1745986449540977,3.0,83.5,0.7218698814365655,-0.0484650467930996,1.2102033540765722,0.9537558464596333,3.1525396925403584,-0.4930647372489574,-0.5,-1.6076923076923038,-1.4744250488280812,-4.270496826171865,0.5,-0.684615384615384,-1.4543174783249242
185,2026-08-17,KXHIGHNY-26AUG17,KXHIGHNY-26AUG17-T91,"Will the maximum temperature be >91° on Aug 17, 2026?",greater,91.0,,finalized,no,0.0,2026-08-16 20:05:00+00:00,2026-08-16 20:45:00+00:00,0.0,0.01,0.99,1.0,LIVE,LIVE,2026-09-28T01:04:06.635519+00:00,20:05,0.005,0.01,0.004784688995215312,40.0,0,81.92151108261078,0.12417143906430478,2.471625113150313,82.04568252167508,83.91952866092807,1.7254288270089375,4.62696474136844,81.73603268606787,1.5072579424275503,86.65253969254036,83.00693526275104,3.6456044297893118,0.2660196664264793,83.0,81.8923076923077,1.1076923076923078,0.28367766406385403,82.02557495117192,79.22950317382814,2.7960717773437906,0.1904618091622894,84.0,82.81538461538462,1.1846153846153846,0.25984086034737736,3.1745986449540977,3.0,91.5,6.534831760007798e-05,-0.004719340677615234,-5.337538079701318,-6.906754778648554,-4.847460307459642,-8.493064737248957,-8.5,-9.607692307692304,-9.474425048828081,-12.270496826171865,-7.5,-8.684615384615384,-9.454317478324924
187,2026-08-18,KXHIGHNY-26AUG18,KXHIGHNY-26AUG18-B85.5,"Will the maximum temperature be 85-86° on Aug 18, 2026?",between,85.0,86.0,finalized,yes,1.0,2026-08-17 20:05:00+00:00,2026-08-17 20:06:00+00:00,0.4,0.42,0.5800000000000001,0.6,LIVE,LIVE,2026-09-28T01:04:09.155964+00:00,20:05,0.41000000000000003,0.019999999999999962,0.41000000000000003,1.0,1,84.21247108622019,0.09512470235110805,2.4422865285847206,84.3075957885713,86.55817548198087,1.767868412278081,4.744758300781285,84.36352749672568,1.1497042163091096,87.48794362714217,83.81193108731118,3.676012539830994,0.2648131377444649,84.0,82.87878787878788,1.121212121212121,0.284875342167039,88.74475830078129,85.97551223292494,2.7692460678563378,0.19104295025107842,86.0,84.78787878787878,1.2121212121212122,0.2592685698374176,2.2440745875554846,2.0,85.5,0.2839269337557071,-0.12607306624429293,-0.3639653772014116,-0.9250652800292336,1.9879436271421724,-1.68806891268882,-1.5,-2.6212121212121247,3.2447583007812852,0.4755122329249417,0.5,-0.7121212121212182,-1.1924042114286948
188,2026-08-18,KXHIGHNY-26AUG18,KXHIGHNY-26AUG18-B87.5,"Will the maximum temperature be 87-88° on Aug 18, 2026?",between,87.0,88.0,finalized,no,0.0,2026-08-17 20:05:00+00:00,2026-08-17 20:07:00+00:00,0.06,0.08,0.92,0.94,LIVE,LIVE,2026-09-28T01:04:09.155964+00:00,20:05,0.07,0.020000000000000004,0.07,2.0,0,84.21247108622019,0.09512470235110805,2.4422865285847206,84.3075957885713,86.55817548198087,1.767868412278081,4.744758300781285,84.36352749672568,1.1497042163091096,87.48794362714217,83.81193108731118,3.676012539830994,0.2648131377444649,84.0,82.87878787878788,1.121212121212121,0.284875342167039,88.74475830078129,85.97551223292494,2.7692460678563378,0.19104295025107842,86.0,84.78787878787878,1.2121212121212122,0.2592685698374176,2.2440745875554846,2.0,87.5,0.141649658098991,0.07164965809899099,-2.5866893440979424,-1.8016555274696366,-0.012056372857827569,-3.68806891268882,-3.5,-4.621212121212125,1.2447583007812852,-1.5244877670750583,-1.5,-2.712121212121218,-3.192404211428695
189,2026-08-18,KXHIGHNY-26AUG18,KXHIGHNY-26AUG18-B89.5,"Will the maximum temperature be 89-90° on Aug 18, 2026?",between,89.0,90.0,finalized,no,0.0,2026-08-17 20:05:00+00:00,2026-08-17 20:06:00+00:00,0.01,0.02,0.98,0.99,LIVE,LIVE,2026-09-28T01:04:09.155964+00:00,20:05,0.015,0.01,0.015,1.0,0,84.21247108622019,0.09512470235110805,2.4422865285847206,84.3075957885713,86.55817548198087,1.767868412278081,4.744758300781285,84.36352749672568,1.1497042163091096,87.48794362714217,83.81193108731118,3.676012539830994,0.2648131377444649,84.0,82.87878787878788,1.121212121212121,0.284875342167039,88.74475830078129,85.97551223292494,2.7692460678563378,0.19104295025107842,86.0,84.78787878787878,1.2121212121212122,0.2592685698374176,2.2440745875554846,2.0,89.5,0.037412637600779286,0.022412637600779287,-4.1845914400698785,-3.2476162770639854,-2.0120563728578276,-5.68806891268882,-5.5,-6.621212121212125,-0.7552416992187148,-3.5244877670750583,-3.5,-4.712121212121218,-5.192404211428695
190,2026-08-18,KXHIGHNY-26AUG18,KXHIGHNY-26AUG18-B91.5,"Will the maximum temperature be 91-92° on Aug 18, 2026?",between,91.0,92.0,finalized,no,0.0,2026-08-17 20:05:00+00:00,2026-08-17 20:25:00+00:00,0.0,0.01,0.99,1.0,LIVE,LIVE,2026-09-28T01:04:09.155964+00:00,20:05,0.005,0.01,0.005,20.0,0,84.21247108622019,0.09512470235110805,2.4422865285847206,84.3075957885713,86.55817548198087,1.767868412278081,4.744758300781285,84.36352749672568,1.1497042163091096,87.48794362714217,83.81193108731118,3.676012539830994,0.2648131377444649,84.0,82.87878787878788,1.121212121212121,0.284875342167039,88.74475830078129,85.97551223292494,2.7692460678563378,0.19104295025107842,86.0,84.78787878787878,1.2121212121212122,0.2592685698374176,2.2440745875554846,2.0,91.5,0.005216746105782155,0.00021674610578215504,-5.293304824724492,-5.250651021999278,-4.012056372857828,-7.68806891268882,-7.5,-8.621212121212125,-2.7552416992187148,-5.524487767075058,-5.5,-6.712121212121218,-7.192404211428695
186,2026-08-18,KXHIGHNY-26AUG18,KXHIGHNY-26AUG18-T85,"Will the maximum temperature be <85° on Aug 18, 2026?",less,,85.0,finalized,no,0.0,2026-08-17 20:05:00+00:00,2026-08-17 20:06:00+00:00,0.49,0.5,0.5,0.51,LIVE,LIVE,2026-09-28T01:04:09.155964+00:00,20:05,0.495,0.010000000000000009,0.495,1.0,0,84.21247108622019,0.09512470235110805,2.4422865285847206,84.3075957885713,86.55817548198087,1.767868412278081,4.744758300781285,84.36352749672568,1.1497042163091096,87.48794362714217,83.81193108731118,3.676012539830994,0.2648131377444649,84.0,82.87878787878788,1.121212121212121,0.284875342167039,88.74475830078129,85.97551223292494,2.7692460678563378,0.19104295025107842,86.0,84.78787878787878,1.2121212121212122,0.2592685698374176,2.2440745875554846,2.0,84.5,0.5313963369474615,0.03639633694746147,-0.020000666706669543,0.1257507970338846,2.9879436271421724,-0.68806891268882,-0.5,-1.6212121212121247,4.244758300781285,1.4755122329249417,1.5,0.28787878787878185,-0.1924042114286948
191,2026-08-18,KXHIGHNY-26AUG18,KXHIGHNY-26AUG18-T92,"Will the maximum temperature be >92° on Aug 18, 2026?",greater,92.0,,finalized,no,0.0,2026-08-17 20:05:00+00:00,2026-08-17 20:08:00+00:00,0.0,0.01,0.99,1.0,LIVE,LIVE,2026-09-28T01:04:09.155964+00:00,20:05,0.005,0.01,0.005,3.0,0,84.21247108622019,0.09512470235110805,2.4422865285847206,84.3075957885713,86.55817548198087,1.767868412278081,4.744758300781285,84.36352749672568,1.1497042163091096,87.48794362714217,83.81193108731118,3.676012539830994,0.2648131377444649,84.0,82.87878787878788,1.121212121212121,0.284875342167039,88.74475830078129,85.97551223292494,2.7692460678563378,0.19104295025107842,86.0,84.78787878787878,1.2121212121212122,0.2592685698374176,2.2440745875554846,2.0,92.5,0.0003976874912789974,-0.004602312508721003,-5.293304824724492,-6.906754778648554,-5.012056372857828,-8.68806891268882,-8.5,-9.621212121212125,-3.7552416992187148,-6.524487767075058,-6.5,-7.712121212121218,-8.192404211428695
193,2026-08-19,KXHIGHNY-26AUG19,KXHIGHNY-26AUG19-B85.5,"Will the maximum temperature be 85-86° on Aug 19, 2026?",between,85.0,86.0,finalized,yes,1.0,2026-08-18 20:05:00+00:00,2026-08-18 20:10:00+00:00,0.49,0.5,0.5,0.51,LIVE,LIVE,2026-09-28T01:04:11.560769+00:00,20:05,0.495,0.010000000000000009,0.5051020408163265,5.0,1,86.342942680757,0.14086535671404593,2.4241467136139336,86.48380803747105,88.49684371456026,1.1044545478580101,2.9434039109753627,86.32662069204054,0.39778854236406835,89.94340391097536,86.30004911610988,3.643354794865489,0.26421097423627404,88.0,86.92537313432835,1.0746268656716418,0.28202287858271763,89.04397094726566,86.27509036847015,2.768880578795516,0.19341352271551368,87.0,85.80597014925374,1.1940298507462686,0.26035262446549473,1.3317979785519758,2.0,85.5,0.29608690464716064,-0.20901513616916584,0.020408871631206815,-0.8660018964232041,4.443403910975363,0.8000491161098751,2.5,1.4253731343283533,3.543970947265663,0.7750903684701456,1.5,0.30597014925373855,0.9838080374710501
194,2026-08-19,KXHIGHNY-26AUG19,KXHIGHNY-26AUG19-B87.5,"Will the maximum temperature be 87-88° on Aug 19, 2026?",between,87.0,88.0,finalized,no,0.0,2026-08-18 20:05:00+00:00,2026-08-18 20:08:00+00:00,0.29,0.32,0.6799999999999999,0.71,LIVE,LIVE,2026-09-28T01:04:11.560769+00:00,20:05,0.305,0.030000000000000027,0.3112244897959184,3.0,0,86.342942680757,0.14086535671404593,2.4241467136139336,86.48380803747105,88.49684371456026,1.1044545478580101,2.9434039109753627,86.32662069204054,0.39778854236406835,89.94340391097536,86.30004911610988,3.643354794865489,0.26421097423627404,88.0,86.92537313432835,1.0746268656716418,0.28202287858271763,89.04397094726566,86.27509036847015,2.768880578795516,0.19341352271551368,87.0,85.80597014925374,1.1940298507462686,0.26035262446549473,1.3317979785519758,2.0,87.5,0.2945495486409575,-0.016674941154960876,-0.7944009142651182,-0.8733893012778012,2.4434039109753627,-1.199950883890125,0.5,-0.5746268656716467,1.543970947265663,-1.2249096315298544,-0.5,-1.6940298507462614,-1.01619196252895
195,2026-08-19,KXHIGHNY-26AUG19,KXHIGHNY-26AUG19-B89.5,"Will the maximum temperature be 89-90° on Aug 19, 2026?",between,89.0,90.0,finalized,no,0.0,2026-08-18 20:05:00+00:00,2026-08-18 20:20:00+00:00,0.03,0.06,0.94,0.97,LIVE,LIVE,2026-09-28T01:04:11.560769+00:00,20:05,0.045,0.03,0.04591836734693878,15.0,0,86.342942680757,0.14086535671404593,2.4241467136139336,86.48380803747105,88.49684371456026,1.1044545478580101,2.9434039109753627,86.32662069204054,0.39778854236406835,89.94340391097536,86.30004911610988,3.643354794865489,0.26421097423627404,88.0,86.92537313432835,1.0746268656716418,0.28202287858271763,89.04397094726566,86.27509036847015,2.768880578795516,0.19341352271551368,87.0,85.80597014925374,1.1940298507462686,0.26035262446549473,1.3317979785519758,2.0,89.5,0.1540001953293031,0.10808182798236432,-3.0338840395183673,-1.703565257935573,0.4434039109753627,-3.199950883890125,-1.5,-2.5746268656716467,-0.4560290527343369,-3.2249096315298544,-2.5,-3.6940298507462614,-3.01619196252895
196,2026-08-19,KXHIGHNY-26AUG19,KXHIGHNY-26AUG19-B91.5,"Will the maximum temperature be 91-92° on Aug 19, 2026?",between,91.0,92.0,finalized,no,0.0,2026-08-18 20:05:00+00:00,2026-08-18 20:49:00+00:00,0.0,0.01,0.99,1.0,LIVE,LIVE,2026-09-28T01:04:11.560769+00:00,20:05,0.005,0.01,0.005102040816326531,44.0,0,86.342942680757,0.14086535671404593,2.4241467136139336,86.48380803747105,88.49684371456026,1.1044545478580101,2.9434039109753627,86.32662069204054,0.39778854236406835,89.94340391097536,86.30004911610988,3.643354794865489,0.26421097423627404,88.0,86.92537313432835,1.0746268656716418,0.28202287858271763,89.04397094726566,86.27509036847015,2.768880578795516,0.19341352271551368,87.0,85.80597014925374,1.1940298507462686,0.26035262446549473,1.3317979785519758,2.0,91.5,0.04224911162191558,0.03714707080558905,-5.272999558563747,-3.1210043842662576,-1.5565960890246373,-5.199950883890125,-3.5,-4.574626865671647,-2.456029052734337,-5.224909631529854,-4.5,-5.6940298507462614,-5.01619196252895
192,2026-08-19,KXHIGHNY-26AUG19,KXHIGHNY-26AUG19-T85,"Will the maximum temperature be <85° on Aug 19, 2026?",less,,85.0,finalized,no,0.0,2026-08-18 20:05:00+00:00,2026-08-18 20:08:00+00:00,0.12,0.13,0.87,0.88,LIVE,LIVE,2026-09-28T01:04:11.560769+00:00,20:05,0.125,0.010000000000000009,0.12755102040816327,3.0,0,86.342942680757,0.14086535671404593,2.4241467136139336,86.48380803747105,88.49684371456026,1.1044545478580101,2.9434039109753627,86.32662069204054,0.39778854236406835,89.94340391097536,86.30004911610988,3.643354794865489,0.26421097423627404,88.0,86.92537313432835,1.0746268656716418,0.28202287858271763,89.04397094726566,86.27509036847015,2.768880578795516,0.19341352271551368,87.0,85.80597014925374,1.1940298507462686,0.26035262446549473,1.3317979785519758,2.0,84.5,0.20657778985608183,0.07902676944791856,-1.922787731634459,-1.345678453525813,5.443403910975363,1.800049116109875,3.5,2.4253731343283533,4.543970947265663,1.7750903684701456,2.5,1.3059701492537386,1.98380803747105
197,2026-08-19,KXHIGHNY-26AUG19,KXHIGHNY-26AUG19-T92,"Will the maximum temperature be >92° on Aug 19, 2026?",greater,92.0,,finalized,no,0.0,2026-08-18 20:05:00+00:00,2026-08-18 20:50:00+00:00,0.0,0.01,0.99,1.0,LIVE,LIVE,2026-09-28T01:04:11.560769+00:00,20:05,0.005,0.01,0.005102040816326531,45.0,0,86.342942680757,0.14086535671404593,2.4241467136139336,86.48380803747105,88.49684371456026,1.1044545478580101,2.9434039109753627,86.32662069204054,0.39778854236406835,89.94340391097536,86.30004911610988,3.643354794865489,0.26421097423627404,88.0,86.92537313432835,1.0746268656716418,0.28202287858271763,89.04397094726566,86.27509036847015,2.768880578795516,0.19341352271551368,87.0,85.80597014925374,1.1940298507462686,0.26035262446549473,1.3317979785519758,2.0,92.5,0.006536449904581354,0.001434409088254823,-5.272999558563747,-5.0238031829008305,-2.5565960890246373,-6.199950883890125,-4.5,-5.574626865671647,-3.456029052734337,-6.224909631529854,-5.5,-6.6940298507462614,-6.01619196252895
199,2026-08-20,KXHIGHNY-26AUG20,KXHIGHNY-26AUG20-B78.5,"Will the maximum temperature be 78-79° on Aug 20, 2026?",between,78.0,79.0,finalized,no,0.0,2026-08-19 20:05:00+00:00,2026-08-19 20:06:00+00:00,0.23,0.24,0.76,0.77,LIVE,LIVE,2026-09-28T01:04:13.962466+00:00,20:05,0.235,0.009999999999999981,0.24479166666666663,1.0,0,80.22007657315916,0.1018177767805972,2.4032483062070615,80.32189434993975,82.599417921497,2.695892920267381,6.346247558593788,80.40968577115314,1.7513622010798224,85.05142412739418,81.38895096317414,3.662473164220046,0.26420625122348085,79.0,77.8970588235294,1.1029411764705883,0.28031656656037146,85.34624755859379,82.55861565085019,2.7876319077436063,0.19402112411093436,81.0,79.79411764705883,1.2058823529411764,0.2614560581052133,3.9841528615545214,4.0,78.5,0.24602059335258003,0.0012289266859134007,-1.126586140710516,-1.1199498102522658,6.551424127394185,2.888950963174139,0.5,-0.6029411764705941,6.846247558593788,4.058615650850186,2.5,1.294117647058826,1.821894349939754
200,2026-08-20,KXHIGHNY-26AUG20,KXHIGHNY-26AUG20-B80.5,"Will the maximum temperature be 80-81° on Aug 20, 2026?",between,80.0,81.0,finalized,no,0.0,2026-08-19 20:05:00+00:00,2026-08-19 20:09:00+00:00,0.4,0.41,0.5900000000000001,0.6,LIVE,LIVE,2026-09-28T01:04:13.962466+00:00,20:05,0.405,0.009999999999999953,0.421875,4.0,0,80.22007657315916,0.1018177767805972,2.4032483062070615,80.32189434993975,82.599417921497,2.695892920267381,6.346247558593788,80.40968577115314,1.7513622010798224,85.05142412739418,81.38895096317414,3.662473164220046,0.26420625122348085,79.0,77.8970588235294,1.1029411764705883,0.28031656656037146,85.34624755859379,82.55861565085019,2.7876319077436063,0.19402112411093436,81.0,79.79411764705883,1.2058823529411764,0.2614560581052133,3.9841528615545214,4.0,80.5,0.32183067542540494,-0.10004432457459506,-0.3150810466398954,-0.7453714435014566,4.551424127394185,0.888950963174139,-1.5,-2.602941176470594,4.846247558593788,2.058615650850186,0.5,-0.705882352941174,-0.17810565006024603
201,2026-08-20,KXHIGHNY-26AUG20,KXHIGHNY-26AUG20-B82.5,"Will the maximum temperature be 82-83° on Aug 20, 2026?",between,82.0,83.0,finalized,no,0.0,2026-08-19 20:05:00+00:00,2026-08-19 20:08:00+00:00,0.13,0.16,0.84,0.87,LIVE,LIVE,2026-09-28T01:04:13.962466+00:00,20:05,0.14500000000000002,0.03,0.15104166666666669,3.0,0,80.22007657315916,0.1018177767805972,2.4032483062070615,80.32189434993975,82.599417921497,2.695892920267381,6.346247558593788,80.40968577115314,1.7513622010798224,85.05142412739418,81.38895096317414,3.662473164220046,0.26420625122348085,79.0,77.8970588235294,1.1029411764705883,0.28031656656037146,85.34624755859379,82.55861565085019,2.7876319077436063,0.19402112411093436,81.0,79.79411764705883,1.2058823529411764,0.2614560581052133,3.9841528615545214,4.0,82.5,0.2189772578309518,0.0679355911642851,-1.7264543708202882,-1.27163638980687,2.551424127394185,-1.111049036825861,-3.5,-4.602941176470594,2.846247558593788,0.05861565085018583,-1.5,-2.705882352941174,-2.178105650060246
202,2026-08-20,KXHIGHNY-26AUG20,KXHIGHNY-26AUG20-B84.5,"Will the maximum temperature be 84-85° on Aug 20, 2026?",between,84.0,85.0,finalized,yes,1.0,2026-08-19 20:05:00+00:00,2026-08-19 20:08:00+00:00,0.07,0.08,0.92,0.9299999999999999,LIVE,LIVE,2026-09-28T01:04:13.962466+00:00,20:05,0.07500000000000001,0.009999999999999995,0.078125,3.0,1,80.22007657315916,0.1018177767805972,2.4032483062070615,80.32189434993975,82.599417921497,2.695892920267381,6.346247558593788,80.40968577115314,1.7513622010798224,85.05142412739418,81.38895096317414,3.662473164220046,0.26420625122348085,79.0,77.8970588235294,1.1029411764705883,0.28031656656037146,85.34624755859379,82.55861565085019,2.7876319077436063,0.19402112411093436,81.0,79.79411764705883,1.2058823529411764,0.2614560581052133,3.9841528615545214,4.0,84.5,0.07741854083960542,-0.0007064591603945791,-2.468099531471619,-2.47794937698861,0.5514241273941849,-3.111049036825861,-5.5,-6.602941176470594,0.8462475585937881,-1.9413843491498142,-3.5,-4.705882352941174,-4.178105650060246
198,2026-08-20,KXHIGHNY-26AUG20,KXHIGHNY-26AUG20-T78,"Will the maximum temperature be <78° on Aug 20, 2026?",less,,78.0,finalized,no,0.0,2026-08-19 20:05:00+00:00,2026-08-19 20:08:00+00:00,0.08,0.11,0.89,0.92,LIVE,LIVE,2026-09-28T01:04:13.962466+00:00,20:05,0.095,0.03,0.09895833333333333,3.0,0,80.22007657315916,0.1018177767805972,2.4032483062070615,80.32189434993975,82.599417921497,2.695892920267381,6.346247558593788,80.40968577115314,1.7513622010798224,85.05142412739418,81.38895096317414,3.662473164220046,0.26420625122348085,79.0,77.8970588235294,1.1029411764705883,0.28031656656037146,85.34624755859379,82.55861565085019,2.7876319077436063,0.19402112411093436,81.0,79.79411764705883,1.2058823529411764,0.2614560581052133,3.9841528615545214,4.0,77.5,0.12015744729396571,0.021199113960632385,-2.2088526153313386,-1.990940030519612,7.551424127394185,3.888950963174139,1.5,0.3970588235294059,7.846247558593788,5.058615650850186,3.5,2.294117647058826,2.821894349939754
203,2026-08-20,KXHIGHNY-26AUG20,KXHIGHNY-26AUG20-T85,"Will the maximum temperature be >85° on Aug 20, 2026?",greater,85.0,,finalized,no,0.0,2026-08-19 20:05:00+00:00,2026-08-19 20:12:00+00:00,0.0,0.01,0.99,1.0,LIVE,LIVE,2026-09-28T01:04:13.962466+00:00,20:05,0.005,0.01,0.005208333333333333,7.0,0,80.22007657315916,0.1018177767805972,2.4032483062070615,80.32189434993975,82.599417921497,2.695892920267381,6.346247558593788,80.40968577115314,1.7513622010798224,85.05142412739418,81.38895096317414,3.662473164220046,0.26420625122348085,79.0,77.8970588235294,1.1029411764705883,0.28031656656037146,85.34624755859379,82.55861565085019,2.7876319077436063,0.19402112411093436,81.0,79.79411764705883,1.2058823529411764,0.2614560581052133,3.9841528615545214,4.0,85.5,0.015595485257492103,0.010387151924158771,-5.25227342804663,-4.1450554389966845,-0.4485758726058151,-4.111049036825861,-6.5,-7.602941176470594,-0.15375244140621191,-2.941384349149814,-4.5,-5.705882352941174,-5.178105650060246
205,2026-08-21,KXHIGHNY-26AUG21,KXHIGHNY-26AUG21-B77.5,"Will the maximum temperature be 77-78° on Aug 21, 2026?",between,77.0,78.0,finalized,no,0.0,2026-08-20 20:05:00+00:00,2026-08-20 20:06:00+00:00,0.32,0.33,0.6699999999999999,0.6799999999999999,LIVE,LIVE,2026-09-28T01:04:16.415029+00:00,20:05,0.325,0.010000000000000009,0.3155339805825243,1.0,0,77.09553723077437,0.19612817806419314,2.4434599451813117,77.29166540883857,78.93457397460939,2.4776524478110415,6.713854980468753,76.79687536381405,2.4730437703336046,82.22607543945317,78.6014435656219,3.624631873831265,0.2662816718906166,80.0,78.98550724637681,1.0144927536231885,0.27557243563673006,75.51222045898442,72.74547817948935,2.7667422794950585,0.1975014796108894,78.0,76.85507246376811,1.144927536231884,0.260644412861764,2.7298980298573063,3.0,77.5,0.3165583171110625,0.0010243365285382278,-0.774372620482531,-0.7696338503340514,4.726075439453169,1.1014435656219064,2.5,1.4855072463768124,-1.987779541015584,-4.7545218205106465,0.5,-0.64492753623189,-0.2083345911614316
206,2026-08-21,KXHIGHNY-26AUG21,KXHIGHNY-26AUG21-B79.5,"Will the maximum temperature be 79-80° on Aug 21, 2026?",between,79.0,80.0,finalized,yes,1.0,2026-08-20 20:05:00+00:00,2026-08-20 20:09:00+00:00,0.22,0.25,0.75,0.78,LIVE,LIVE,2026-09-28T01:04:16.415029+00:00,20:05,0.235,0.03,0.22815533980582522,4.0,1,77.09553723077437,0.19612817806419314,2.4434599451813117,77.29166540883857,78.93457397460939,2.4776524478110415,6.713854980468753,76.79687536381405,2.4730437703336046,82.22607543945317,78.6014435656219,3.624631873831265,0.2662816718906166,80.0,78.98550724637681,1.0144927536231885,0.27557243563673006,75.51222045898442,72.74547817948935,2.7667422794950585,0.1975014796108894,78.0,76.85507246376811,1.144927536231884,0.260644412861764,2.7298980298573063,3.0,79.5,0.21588371547777963,-0.0122716243280456,-1.2187566005101729,-1.2898174229965065,2.7260754394531688,-0.8985564343780936,0.5,-0.5144927536231876,-3.987779541015584,-6.7545218205106465,-1.5,-2.64492753623189,-2.2083345911614316
207,2026-08-21,KXHIGHNY-26AUG21,KXHIGHNY-26AUG21-B81.5,"Will the maximum temperature be 81-82° on Aug 21, 2026?",between,81.0,82.0,finalized,no,0.0,2026-08-20 20:05:00+00:00,2026-08-20 20:06:00+00:00,0.06,0.08,0.92,0.94,LIVE,LIVE,2026-09-28T01:04:16.415029+00:00,20:05,0.07,0.020000000000000004,0.0679611650485437,1.0,0,77.09553723077437,0.19612817806419314,2.4434599451813117,77.29166540883857,78.93457397460939,2.4776524478110415,6.713854980468753,76.79687536381405,2.4730437703336046,82.22607543945317,78.6014435656219,3.624631873831265,0.2662816718906166,80.0,78.98550724637681,1.0144927536231885,0.27557243563673006,75.51222045898442,72.74547817948935,2.7667422794950585,0.1975014796108894,78.0,76.85507246376811,1.144927536231884,0.260644412861764,2.7298980298573063,3.0,81.5,0.07806422440738903,0.010103059358845326,-2.6184380424125226,-2.468943685693255,0.7260754394531688,-2.8985564343780936,-1.5,-2.5144927536231876,-5.987779541015584,-8.754521820510647,-3.5,-4.64492753623189,-4.208334591161432
208,2026-08-21,KXHIGHNY-26AUG21,KXHIGHNY-26AUG21-B83.5,"Will the maximum temperature be 83-84° on Aug 21, 2026?",between,83.0,84.0,finalized,no,0.0,2026-08-20 20:05:00+00:00,2026-08-20 20:39:00+00:00,0.02,0.03,0.97,0.98,LIVE,LIVE,2026-09-28T01:04:16.415029+00:00,20:05,0.025,0.009999999999999998,0.024271844660194174,34.0,0,77.09553723077437,0.19612817806419314,2.4434599451813117,77.29166540883857,78.93457397460939,2.4776524478110415,6.713854980468753,76.79687536381405,2.4730437703336046,82.22607543945317,78.6014435656219,3.624631873831265,0.2662816718906166,80.0,78.98550724637681,1.0144927536231885,0.27557243563673006,75.51222045898442,72.74547817948935,2.7667422794950585,0.1975014796108894,78.0,76.85507246376811,1.144927536231884,0.260644412861764,2.7298980298573063,3.0,83.5,0.014933706253808188,-0.009338138406385987,-3.6938669956249757,-4.189088119408697,-1.2739245605468312,-4.898556434378094,-3.5,-4.514492753623188,-7.987779541015584,-10.754521820510647,-5.5,-6.64492753623189,-6.208334591161432
204,2026-08-21,KXHIGHNY-26AUG21,KXHIGHNY-26AUG21-T77,"Will the maximum temperature be <77° on Aug 21, 2026?",less,,77.0,finalized,no,0.0,2026-08-20 20:05:00+00:00,2026-08-20 20:06:00+00:00,0.36,0.38,0.62,0.64,LIVE,LIVE,2026-09-28T01:04:16.415029+00:00,20:05,0.37,0.020000000000000018,0.3592233009708738,1.0,0,77.09553723077437,0.19612817806419314,2.4434599451813117,77.29166540883857,78.93457397460939,2.4776524478110415,6.713854980468753,76.79687536381405,2.4730437703336046,82.22607543945317,78.6014435656219,3.624631873831265,0.2662816718906166,80.0,78.98550724637681,1.0144927536231885,0.27557243563673006,75.51222045898442,72.74547817948935,2.7667422794950585,0.1975014796108894,78.0,76.85507246376811,1.144927536231884,0.260644412861764,2.7298980298573063,3.0,76.5,0.37297143595763016,0.013748134986756366,-0.578736829382201,-0.5194902587722269,5.726075439453169,2.1014435656219064,3.5,2.4855072463768124,-0.9877795410155841,-3.7545218205106465,1.5,0.35507246376810997,0.7916654088385684
209,2026-08-21,KXHIGHNY-26AUG21,KXHIGHNY-26AUG21-T84,"Will the maximum temperature be >84° on Aug 21, 2026?",greater,84.0,,finalized,no,0.0,2026-08-20 20:05:00+00:00,2026-08-20 20:24:00+00:00,0.0,0.01,0.99,1.0,LIVE,LIVE,2026-09-28T01:04:16.415029+00:00,20:05,0.005,0.01,0.0048543689320388345,19.0,0,77.09553723077437,0.19612817806419314,2.4434599451813117,77.29166540883857,78.93457397460939,2.4776524478110415,6.713854980468753,76.79687536381405,2.4730437703336046,82.22607543945317,78.6014435656219,3.624631873831265,0.2662816718906166,80.0,78.98550724637681,1.0144927536231885,0.27557243563673006,75.51222045898442,72.74547817948935,2.7667422794950585,0.1975014796108894,78.0,76.85507246376811,1.144927536231884,0.260644412861764,2.7298980298573063,3.0,84.5,0.0015886007923304746,-0.00326576813970836,-5.3230099791384085,-6.4433117910486315,-2.2739245605468312,-5.898556434378094,-4.5,-5.514492753623188,-8.987779541015584,-11.754521820510647,-6.5,-7.64492753623189,-7.208334591161432
211,2026-08-22,KXHIGHNY-26AUG22,KXHIGHNY-26AUG22-B73.5,"Will the maximum temperature be 73-74° on Aug 22, 2026?",between,73.0,74.0,finalized,no,0.0,2026-08-21 20:05:00+00:00,2026-08-21 20:08:00+00:00,0.27,0.28,0.72,0.73,LIVE,LIVE,2026-09-28T01:04:18.847539+00:00,20:05,0.275,0.010000000000000009,0.26829268292682934,3.0,0,72.94269314303499,0.23883654284322908,2.427007834072289,73.18152968587822,74.94269829534717,1.134711963282631,2.780776091544851,72.83647289364019,0.9397797883444525,76.77578463646677,73.15684642598376,3.6189382104830066,0.2683716638939071,74.0,72.98571428571428,1.0142857142857142,0.278420264048792,73.99500854492192,71.31761657714844,2.677391967773478,0.19346437758326757,75.0,73.88571428571429,1.1142857142857143,0.2597436944740334,2.571519217743327,3.0,73.5,0.31709310633104915,0.048800423404219806,-1.0033021088637846,-0.7671630890374341,3.275784636466767,-0.3431535740162417,0.5,-0.5142857142857196,0.4950085449219159,-2.182383422851558,1.5,0.3857142857142861,-0.3184703141217824
212,2026-08-22,KXHIGHNY-26AUG22,KXHIGHNY-26AUG22-B75.5,"Will the maximum temperature be 75-76° on Aug 22, 2026?",between,75.0,76.0,finalized,no,0.0,2026-08-21 20:05:00+00:00,2026-08-21 20:06:00+00:00,0.41,0.42,0.5800000000000001,0.5900000000000001,LIVE,LIVE,2026-09-28T01:04:18.847539+00:00,20:05,0.415,0.010000000000000009,0.40487804878048783,1.0,0,72.94269314303499,0.23883654284322908,2.427007834072289,73.18152968587822,74.94269829534717,1.134711963282631,2.780776091544851,72.83647289364019,0.9397797883444525,76.77578463646677,73.15684642598376,3.6189382104830066,0.2683716638939071,74.0,72.98571428571428,1.0142857142857142,0.278420264048792,73.99500854492192,71.31761657714844,2.677391967773478,0.19346437758326757,75.0,73.88571428571429,1.1142857142857143,0.2597436944740334,2.571519217743327,3.0,75.5,0.20771488903914836,-0.19716315974133947,-0.3851804369366585,-1.3387549019969587,1.275784636466767,-2.3431535740162417,-1.5,-2.5142857142857196,-1.504991455078084,-4.182383422851558,-0.5,-1.6142857142857139,-2.3184703141217824
213,2026-08-22,KXHIGHNY-26AUG22,KXHIGHNY-26AUG22-B77.5,"Will the maximum temperature be 77-78° on Aug 22, 2026?",between,77.0,78.0,finalized,yes,1.0,2026-08-21 20:05:00+00:00,2026-08-21 20:06:00+00:00,0.21,0.22,0.78,0.79,LIVE,LIVE,2026-09-28T01:04:18.847539+00:00,20:05,0.215,0.010000000000000009,0.20975609756097563,1.0,1,72.94269314303499,0.23883654284322908,2.427007834072289,73.18152968587822,74.94269829534717,1.134711963282631,2.780776091544851,72.83647289364019,0.9397797883444525,76.77578463646677,73.15684642598376,3.6189382104830066,0.2683716638939071,74.0,72.98571428571428,1.0142857142857142,0.278420264048792,73.99500854492192,71.31761657714844,2.677391967773478,0.19346437758326757,75.0,73.88571428571429,1.1142857142857143,0.2597436944740334,2.571519217743327,3.0,77.5,0.07155165180248757,-0.13820444575848806,-1.3263962195388217,-2.5630951582235255,-0.7242153635332329,-4.343153574016242,-3.5,-4.51428571428572,-3.504991455078084,-6.182383422851558,-2.5,-3.614285714285714,-4.318470314121782
214,2026-08-22,KXHIGHNY-26AUG22,KXHIGHNY-26AUG22-B79.5,"Will the maximum temperature be 79-80° on Aug 22, 2026?",between,79.0,80.0,finalized,no,0.0,2026-08-21 20:05:00+00:00,2026-08-21 20:08:00+00:00,0.05,0.06,0.94,0.95,LIVE,LIVE,2026-09-28T01:04:18.847539+00:00,20:05,0.055,0.009999999999999995,0.05365853658536586,3.0,0,72.94269314303499,0.23883654284322908,2.427007834072289,73.18152968587822,74.94269829534717,1.134711963282631,2.780776091544851,72.83647289364019,0.9397797883444525,76.77578463646677,73.15684642598376,3.6189382104830066,0.2683716638939071,74.0,72.98571428571428,1.0142857142857142,0.278420264048792,73.99500854492192,71.31761657714844,2.677391967773478,0.19346437758326757,75.0,73.88571428571429,1.1142857142857143,0.2597436944740334,2.571519217743327,3.0,79.5,0.012929462404503322,-0.04072907418086254,-2.8699628862649575,-4.335232889000496,-2.724215363533233,-6.343153574016242,-5.5,-6.51428571428572,-5.504991455078084,-8.182383422851558,-4.5,-5.614285714285714,-6.318470314121782
210,2026-08-22,KXHIGHNY-26AUG22,KXHIGHNY-26AUG22-T73,"Will the maximum temperature be <73° on Aug 22, 2026?",less,,73.0,finalized,no,0.0,2026-08-21 20:05:00+00:00,2026-08-21 20:08:00+00:00,0.05,0.06,0.94,0.95,LIVE,LIVE,2026-09-28T01:04:18.847539+00:00,20:05,0.055,0.009999999999999995,0.05365853658536586,3.0,0,72.94269314303499,0.23883654284322908,2.427007834072289,73.18152968587822,74.94269829534717,1.134711963282631,2.780776091544851,72.83647289364019,0.9397797883444525,76.77578463646677,73.15684642598376,3.6189382104830066,0.2683716638939071,74.0,72.98571428571428,1.0142857142857142,0.278420264048792,73.99500854492192,71.31761657714844,2.677391967773478,0.19346437758326757,75.0,73.88571428571429,1.1142857142857143,0.2597436944740334,2.571519217743327,3.0,72.5,0.3894278112532856,0.3357692746679198,-2.8699628862649575,-0.4497180206739538,4.275784636466767,0.6568464259837583,1.5,0.48571428571428044,1.495008544921916,-1.182383422851558,2.5,1.3857142857142861,0.6815296858782176
215,2026-08-22,KXHIGHNY-26AUG22,KXHIGHNY-26AUG22-T80,"Will the maximum temperature be >80° on Aug 22, 2026?",greater,80.0,,finalized,no,0.0,2026-08-21 20:05:00+00:00,2026-08-21 20:06:00+00:00,0.0,0.02,0.98,1.0,LIVE,LIVE,2026-09-28T01:04:18.847539+00:00,20:05,0.01,0.02,0.009756097560975611,1.0,0,72.94269314303499,0.23883654284322908,2.427007834072289,73.18152968587822,74.94269829534717,1.134711963282631,2.780776091544851,72.83647289364019,0.9397797883444525,76.77578463646677,73.15684642598376,3.6189382104830066,0.2683716638939071,74.0,72.98571428571428,1.0142857142857142,0.278420264048792,73.99500854492192,71.31761657714844,2.677391967773478,0.19346437758326757,75.0,73.88571428571429,1.1142857142857143,0.2597436944740334,2.571519217743327,3.0,80.5,0.0012830791695259691,-0.008473018391449642,-4.620058798481842,-6.657208585664624,-3.724215363533233,-7.343153574016242,-6.5,-7.51428571428572,-6.504991455078084,-9.182383422851558,-5.5,-6.614285714285714,-7.318470314121782
217,2026-08-23,KXHIGHNY-26AUG23,KXHIGHNY-26AUG23-B80.5,"Will the maximum temperature be 80-81° on Aug 23, 2026?",between,80.0,81.0,finalized,yes,1.0,2026-08-22 20:05:00+00:00,2026-08-22 20:06:00+00:00,0.38,0.39,0.61,0.62,LIVE,LIVE,2026-09-28T01:04:21.319389+00:00,20:05,0.385,0.010000000000000009,0.37745098039215685,1.0,1,81.48858638762346,0.33196996513888233,2.469561714003231,81.82055635276234,83.48812075707222,2.4525084959978334,6.444577754851366,81.44053658221539,1.472444237773052,87.44457775485137,83.87976846794605,3.5648092869053127,0.2688113740940335,82.0,81.04225352112677,0.9577464788732394,0.27643902857001723,83.50790527343754,80.91054687500001,2.5973583984375406,0.1932430932520955,81.0,79.92957746478874,1.0704225352112675,0.26150650408385384,1.2602760937122361,2.0,80.5,0.274666007130383,-0.10278497326177383,-0.5003816646049075,-0.9710763885803205,6.944577754851366,3.3797684679460502,1.5,0.5422535211267672,3.0079052734375438,0.4105468750000085,0.5,-0.5704225352112644,1.3205563527623383
218,2026-08-23,KXHIGHNY-26AUG23,KXHIGHNY-26AUG23-B82.5,"Will the maximum temperature be 82-83° on Aug 23, 2026?",between,82.0,83.0,finalized,no,0.0,2026-08-22 20:05:00+00:00,2026-08-22 20:06:00+00:00,0.3,0.33,0.6699999999999999,0.7,LIVE,LIVE,2026-09-28T01:04:21.319389+00:00,20:05,0.315,0.030000000000000027,0.3088235294117647,1.0,0,81.48858638762346,0.33196996513888233,2.469561714003231,81.82055635276234,83.48812075707222,2.4525084959978334,6.444577754851366,81.44053658221539,1.472444237773052,87.44457775485137,83.87976846794605,3.5648092869053127,0.2688113740940335,82.0,81.04225352112677,0.9577464788732394,0.27643902857001723,83.50790527343754,80.91054687500001,2.5973583984375406,0.1932430932520955,81.0,79.92957746478874,1.0704225352112675,0.26150650408385384,1.2602760937122361,2.0,82.5,0.3034047611805086,-0.005418768231256144,-0.8056251639866355,-0.8311367634822672,4.944577754851366,1.3797684679460502,-0.5,-1.4577464788732328,1.0079052734375438,-1.5894531249999915,-1.5,-2.5704225352112644,-0.6794436472376617
219,2026-08-23,KXHIGHNY-26AUG23,KXHIGHNY-26AUG23-B84.5,"Will the maximum temperature be 84-85° on Aug 23, 2026?",between,84.0,85.0,finalized,no,0.0,2026-08-22 20:05:00+00:00,2026-08-22 20:06:00+00:00,0.07,0.08,0.92,0.9299999999999999,LIVE,LIVE,2026-09-28T01:04:21.319389+00:00,20:05,0.07500000000000001,0.009999999999999995,0.0735294117647059,1.0,0,81.48858638762346,0.33196996513888233,2.469561714003231,81.82055635276234,83.48812075707222,2.4525084959978334,6.444577754851366,81.44053658221539,1.472444237773052,87.44457775485137,83.87976846794605,3.5648092869053127,0.2688113740940335,82.0,81.04225352112677,0.9577464788732394,0.27643902857001723,83.50790527343754,80.91054687500001,2.5973583984375406,0.1932430932520955,81.0,79.92957746478874,1.0704225352112675,0.26150650408385384,1.2602760937122361,2.0,84.5,0.18011112572644505,0.10658171396173916,-2.533696813957432,-1.5155947863504908,2.944577754851366,-0.6202315320539498,-2.5,-3.457746478873233,-0.9920947265624562,-3.5894531249999915,-3.5,-4.570422535211264,-2.6794436472376617
220,2026-08-23,KXHIGHNY-26AUG23,KXHIGHNY-26AUG23-B86.5,"Will the maximum temperature be 86-87° on Aug 23, 2026?",between,86.0,87.0,finalized,no,0.0,2026-08-22 20:05:00+00:00,2026-08-22 20:20:00+00:00,0.02,0.03,0.97,0.98,LIVE,LIVE,2026-09-28T01:04:21.319389+00:00,20:05,0.025,0.009999999999999998,0.024509803921568627,15.0,0,81.48858638762346,0.33196996513888233,2.469561714003231,81.82055635276234,83.48812075707222,2.4525084959978334,6.444577754851366,81.44053658221539,1.472444237773052,87.44457775485137,83.87976846794605,3.5648092869053127,0.2688113740940335,82.0,81.04225352112677,0.9577464788732394,0.27643902857001723,83.50790527343754,80.91054687500001,2.5973583984375406,0.1932430932520955,81.0,79.92957746478874,1.0704225352112675,0.26150650408385384,1.2602760937122361,2.0,86.5,0.05739254093723978,0.032882737015671154,-3.6838669122903918,-2.7987355816907944,0.9445777548513661,-2.6202315320539498,-4.5,-5.457746478873233,-2.9920947265624562,-5.5894531249999915,-5.5,-6.570422535211264,-4.679443647237662
216,2026-08-23,KXHIGHNY-26AUG23,KXHIGHNY-26AUG23-T80,"Will the maximum temperature be <80° on Aug 23, 2026?",less,,80.0,finalized,no,0.0,2026-08-22 20:05:00+00:00,2026-08-22 20:06:00+00:00,0.2,0.21,0.79,0.8,LIVE,LIVE,2026-09-28T01:04:21.319389+00:00,20:05,0.20500000000000002,0.009999999999999981,0.20098039215686275,1.0,0,81.48858638762346,0.33196996513888233,2.469561714003231,81.82055635276234,83.48812075707222,2.4525084959978334,6.444577754851366,81.44053658221539,1.472444237773052,87.44457775485137,83.87976846794605,3.5648092869053127,0.2688113740940335,82.0,81.04225352112677,0.9577464788732394,0.27643902857001723,83.50790527343754,80.91054687500001,2.5973583984375406,0.1932430932520955,81.0,79.92957746478874,1.0704225352112675,0.26150650408385384,1.2602760937122361,2.0,79.5,0.17369516419580805,-0.027285227961054703,-1.3801781341024546,-1.5596619231675106,7.944577754851366,4.37976846794605,2.5,1.5422535211267672,4.007905273437544,1.4105468750000085,1.5,0.4295774647887356,2.3205563527623383
221,2026-08-23,KXHIGHNY-26AUG23,KXHIGHNY-26AUG23-T87,"Will the maximum temperature be >87° on Aug 23, 2026?",greater,87.0,,finalized,no,0.0,2026-08-22 20:05:00+00:00,2026-08-22 20:06:00+00:00,0.01,0.02,0.98,0.99,LIVE,LIVE,2026-09-28T01:04:21.319389+00:00,20:05,0.015,0.01,0.014705882352941176,1.0,0,81.48858638762346,0.33196996513888233,2.469561714003231,81.82055635276234,83.48812075707222,2.4525084959978334,6.444577754851366,81.44053658221539,1.472444237773052,87.44457775485137,83.87976846794605,3.5648092869053127,0.2688113740940335,82.0,81.04225352112677,0.9577464788732394,0.27643902857001723,83.50790527343754,80.91054687500001,2.5973583984375406,0.1932430932520955,81.0,79.92957746478874,1.0704225352112675,0.26150650408385384,1.2602760937122361,2.0,87.5,0.010730400829615516,-0.00397548152332566,-4.204692619390966,-4.523885980300043,-0.05542224514863392,-3.6202315320539498,-5.5,-6.457746478873233,-3.9920947265624562,-6.5894531249999915,-6.5,-7.570422535211264,-5.679443647237662
223,2026-08-24,KXHIGHNY-26AUG24,KXHIGHNY-26AUG24-B78.5,"Will the maximum temperature be 78-79° on Aug 24, 2026?",between,78.0,79.0,finalized,yes,1.0,2026-08-23 20:05:00+00:00,2026-08-23 20:07:00+00:00,0.45,0.46,0.54,0.55,LIVE,LIVE,2026-09-28T01:04:23.771696+00:00,20:05,0.455,0.010000000000000009,0.4396135265700484,2.0,1,78.36567892654733,0.2886233853112076,2.4553819081671193,78.65430231185854,80.2606262403919,1.5024441589129718,3.6763159967237726,78.19303461300429,1.4343377366378873,82.3594104791457,78.74071551907446,3.618694960071231,0.2637713408733378,81.0,80.02777777777777,0.9722222222222222,0.27771942552182755,78.68309448242192,76.07308959960938,2.610004882812541,0.19435778001689819,79.0,77.93055555555556,1.0694444444444444,0.26415145358793657,1.9908225255101273,2.0,78.5,0.31559926073951494,-0.12401426583053343,-0.24273068458951438,-0.7740703756039646,3.8594104791456942,0.2407155190744561,2.5,1.5277777777777715,0.1830944824219216,-2.426910400390625,0.5,-0.5694444444444429,0.15430231185854382
224,2026-08-24,KXHIGHNY-26AUG24,KXHIGHNY-26AUG24-B80.5,"Will the maximum temperature be 80-81° on Aug 24, 2026?",between,80.0,81.0,finalized,no,0.0,2026-08-23 20:05:00+00:00,2026-08-23 20:06:00+00:00,0.31,0.34,0.6599999999999999,0.69,LIVE,LIVE,2026-09-28T01:04:23.771696+00:00,20:05,0.325,0.030000000000000027,0.31400966183574885,1.0,0,78.36567892654733,0.2886233853112076,2.4553819081671193,78.65430231185854,80.2606262403919,1.5024441589129718,3.6763159967237726,78.19303461300429,1.4343377366378873,82.3594104791457,78.74071551907446,3.618694960071231,0.2637713408733378,81.0,80.02777777777777,0.9722222222222222,0.27771942552182755,78.68309448242192,76.07308959960938,2.610004882812541,0.19435778001689819,79.0,77.93055555555556,1.0694444444444444,0.26415145358793657,1.9908225255101273,2.0,80.5,0.24202736200540165,-0.07198229983034721,-0.7814397877056234,-1.1415965014551648,1.8594104791456942,-1.759284480925544,0.5,-0.47222222222222854,-1.8169055175780784,-4.426910400390625,-1.5,-2.569444444444443,-1.8456976881414562
225,2026-08-24,KXHIGHNY-26AUG24,KXHIGHNY-26AUG24-B82.5,"Will the maximum temperature be 82-83° on Aug 24, 2026?",between,82.0,83.0,finalized,no,0.0,2026-08-23 20:05:00+00:00,2026-08-23 20:06:00+00:00,0.05,0.09,0.91,0.95,LIVE,LIVE,2026-09-28T01:04:23.771696+00:00,20:05,0.07,0.039999999999999994,0.0676328502415459,1.0,0,78.36567892654733,0.2886233853112076,2.4553819081671193,78.65430231185854,80.2606262403919,1.5024441589129718,3.6763159967237726,78.19303461300429,1.4343377366378873,82.3594104791457,78.74071551907446,3.618694960071231,0.2637713408733378,81.0,80.02777777777777,0.9722222222222222,0.27771942552182755,78.68309448242192,76.07308959960938,2.610004882812541,0.19435778001689819,79.0,77.93055555555556,1.0694444444444444,0.26415145358793657,1.9908225255101273,2.0,82.5,0.09901628069126622,0.03138343044972032,-2.6236328592896268,-2.2082028998245615,-0.14058952085430576,-3.759284480925544,-1.5,-2.4722222222222285,-3.8169055175780784,-6.426910400390625,-3.5,-4.569444444444443,-3.845697688141456
226,2026-08-24,KXHIGHNY-26AUG24,KXHIGHNY-26AUG24-B84.5,"Will the maximum temperature be 84-85° on Aug 24, 2026?",between,84.0,85.0,finalized,no,0.0,2026-08-23 20:05:00+00:00,2026-08-23 20:07:00+00:00,0.01,0.02,0.98,0.99,LIVE,LIVE,2026-09-28T01:04:23.771696+00:00,20:05,0.015,0.01,0.014492753623188406,2.0,0,78.36567892654733,0.2886233853112076,2.4553819081671193,78.65430231185854,80.2606262403919,1.5024441589129718,3.6763159967237726,78.19303461300429,1.4343377366378873,82.3594104791457,78.74071551907446,3.618694960071231,0.2637713408733378,81.0,80.02777777777777,0.9722222222222222,0.27771942552182755,78.68309448242192,76.07308959960938,2.610004882812541,0.19435778001689819,79.0,77.93055555555556,1.0694444444444444,0.26415145358793657,1.9908225255101273,2.0,84.5,0.021567860274032458,0.007075106650844052,-4.219507705176107,-3.8147471767871415,-2.1405895208543058,-5.759284480925544,-3.5,-4.4722222222222285,-5.816905517578078,-8.426910400390625,-5.5,-6.569444444444443,-5.845697688141456
222,2026-08-24,KXHIGHNY-26AUG24,KXHIGHNY-26AUG24-T78,"Will the maximum temperature be <78° on Aug 24, 2026?",less,,78.0,finalized,no,0.0,2026-08-23 20:05:00+00:00,2026-08-23 20:09:00+00:00,0.15,0.18,0.8200000000000001,0.85,LIVE,LIVE,2026-09-28T01:04:23.771696+00:00,20:05,0.16499999999999998,0.03,0.15942028985507245,4.0,0,78.36567892654733,0.2886233853112076,2.4553819081671193,78.65430231185854,80.2606262403919,1.5024441589129718,3.6763159967237726,78.19303461300429,1.4343377366378873,82.3594104791457,78.74071551907446,3.618694960071231,0.2637713408733378,81.0,80.02777777777777,0.9722222222222222,0.27771942552182755,78.68309448242192,76.07308959960938,2.610004882812541,0.19435778001689819,79.0,77.93055555555556,1.0694444444444444,0.26415145358793657,1.9908225255101273,2.0,77.5,0.31913781887154136,0.1597175290164689,-1.6625477377480489,-0.7577368649058598,4.859410479145694,1.240715519074456,3.5,2.5277777777777715,1.1830944824219216,-1.426910400390625,1.5,0.43055555555555713,1.1543023118585438
227,2026-08-24,KXHIGHNY-26AUG24,KXHIGHNY-26AUG24-T85,"Will the maximum temperature be >85° on Aug 24, 2026?",greater,85.0,,finalized,no,0.0,2026-08-23 20:05:00+00:00,2026-08-23 20:22:00+00:00,0.0,0.01,0.99,1.0,LIVE,LIVE,2026-09-28T01:04:23.771696+00:00,20:05,0.005,0.01,0.004830917874396136,17.0,0,78.36567892654733,0.2886233853112076,2.4553819081671193,78.65430231185854,80.2606262403919,1.5024441589129718,3.6763159967237726,78.19303461300429,1.4343377366378873,82.3594104791457,78.74071551907446,3.618694960071231,0.2637713408733378,81.0,80.02777777777777,0.9722222222222222,0.27771942552182755,78.68309448242192,76.07308959960938,2.610004882812541,0.19435778001689819,79.0,77.93055555555556,1.0694444444444444,0.26415145358793657,1.9908225255101273,2.0,85.5,0.0026514174182433736,-0.0021795004561527623,-5.327876168789581,-5.930005968518774,-3.1405895208543058,-6.759284480925544,-4.5,-5.4722222222222285,-6.816905517578078,-9.426910400390625,-6.5,-7.569444444444443,-6.845697688141456
229,2026-08-26,KXHIGHNY-26AUG26,KXHIGHNY-26AUG26-B80.5,"Will the maximum temperature be 80-81° on Aug 26, 2026?",between,80.0,81.0,finalized,yes,1.0,2026-08-25 20:05:00+00:00,2026-08-25 20:06:00+00:00,0.48,0.49,0.51,0.52,LIVE,LIVE,2026-09-28T01:04:28.926362+00:00,20:05,0.485,0.010000000000000009,0.48743718592964824,1.0,1,81.3345683732177,0.29901440636185456,2.3982168901413607,81.63358277957956,83.36888346026022,1.0462352713725585,2.892976467993975,81.31968685106911,0.36923651366369376,84.89297646799398,81.28712744874962,3.6058490192443626,0.26537502964348375,82.0,81.01351351351352,0.9864864864864865,0.279371898755654,83.58255737304691,81.04567400958086,2.5368833634660457,0.19159232377358068,83.0,81.93243243243244,1.0675675675675675,0.26366074782728155,0.9248085883063139,2.0,80.5,0.29096414805092335,-0.1964730378787249,-0.05026183478088831,-0.8907060351703229,4.392976467993975,0.7871274487496152,1.5,0.5135135135135158,3.0825573730469102,0.5456740095808641,2.5,1.4324324324324351,1.1335827795795552
230,2026-08-26,KXHIGHNY-26AUG26,KXHIGHNY-26AUG26-B82.5,"Will the maximum temperature be 82-83° on Aug 26, 2026?",between,82.0,83.0,finalized,no,0.0,2026-08-25 20:05:00+00:00,2026-08-25 20:07:00+00:00,0.32,0.33,0.6699999999999999,0.6799999999999999,LIVE,LIVE,2026-09-28T01:04:28.926362+00:00,20:05,0.325,0.010000000000000009,0.32663316582914576,2.0,0,81.3345683732177,0.29901440636185456,2.3982168901413607,81.63358277957956,83.36888346026022,1.0462352713725585,2.892976467993975,81.31968685106911,0.36923651366369376,84.89297646799398,81.28712744874962,3.6058490192443626,0.26537502964348375,82.0,81.01351351351352,0.9864864864864865,0.279371898755654,83.58255737304691,81.04567400958086,2.5368833634660457,0.19159232377358068,83.0,81.93243243243244,1.0675675675675675,0.26366074782728155,0.9248085883063139,2.0,82.5,0.30399973133935265,-0.022633434489793103,-0.7234525300552742,-0.8283232286873207,2.392976467993975,-1.2128725512503848,-0.5,-1.4864864864864842,1.0825573730469102,-1.454325990419136,0.5,-0.5675675675675649,-0.8664172204204448
231,2026-08-26,KXHIGHNY-26AUG26,KXHIGHNY-26AUG26-B84.5,"Will the maximum temperature be 84-85° on Aug 26, 2026?",between,84.0,85.0,finalized,no,0.0,2026-08-25 20:05:00+00:00,2026-08-25 20:07:00+00:00,0.05,0.06,0.94,0.95,LIVE,LIVE,2026-09-28T01:04:28.926362+00:00,20:05,0.055,0.009999999999999995,0.05527638190954774,2.0,0,81.3345683732177,0.29901440636185456,2.3982168901413607,81.63358277957956,83.36888346026022,1.0462352713725585,2.892976467993975,81.31968685106911,0.36923651366369376,84.89297646799398,81.28712744874962,3.6058490192443626,0.26537502964348375,82.0,81.01351351351352,0.9864864864864865,0.279371898755654,83.58255737304691,81.04567400958086,2.5368833634660457,0.19159232377358068,83.0,81.93243243243244,1.0675675675675675,0.26366074782728155,0.9248085883063139,2.0,84.5,0.1647515468414894,0.10947516493194166,-2.8385466900315786,-1.623290666923612,0.3929764679939751,-3.212872551250385,-2.5,-3.486486486486484,-0.9174426269530898,-3.454325990419136,-1.5,-2.567567567567565,-2.866417220420445
232,2026-08-26,KXHIGHNY-26AUG26,KXHIGHNY-26AUG26-B86.5,"Will the maximum temperature be 86-87° on Aug 26, 2026?",between,86.0,87.0,finalized,no,0.0,2026-08-25 20:05:00+00:00,2026-08-25 20:08:00+00:00,0.0,0.01,0.99,1.0,LIVE,LIVE,2026-09-28T01:04:28.926362+00:00,20:05,0.005,0.01,0.005025125628140704,3.0,0,81.3345683732177,0.29901440636185456,2.3982168901413607,81.63358277957956,83.36888346026022,1.0462352713725585,2.892976467993975,81.31968685106911,0.36923651366369376,84.89297646799398,81.28712744874962,3.6058490192443626,0.26537502964348375,82.0,81.01351351351352,0.9864864864864865,0.279371898755654,83.58255737304691,81.04567400958086,2.5368833634660457,0.19159232377358068,83.0,81.93243243243244,1.0675675675675675,0.26366074782728155,0.9248085883063139,2.0,86.5,0.04623928340436034,0.04121415777621964,-5.288267030694535,-3.026583091875328,-1.6070235320060249,-5.212872551250385,-4.5,-5.486486486486484,-2.9174426269530898,-5.454325990419136,-3.5,-4.567567567567565,-4.866417220420445
228,2026-08-26,KXHIGHNY-26AUG26,KXHIGHNY-26AUG26-T80,"Will the maximum temperature be <80° on Aug 26, 2026?",less,,80.0,finalized,no,0.0,2026-08-25 20:05:00+00:00,2026-08-25 20:06:00+00:00,0.11,0.13,0.87,0.89,LIVE,LIVE,2026-09-28T01:04:28.926362+00:00,20:05,0.12,0.020000000000000004,0.12060301507537688,1.0,0,81.3345683732177,0.29901440636185456,2.3982168901413607,81.63358277957956,83.36888346026022,1.0462352713725585,2.892976467993975,81.31968685106911,0.36923651366369376,84.89297646799398,81.28712744874962,3.6058490192443626,0.26537502964348375,82.0,81.01351351351352,0.9864864864864865,0.279371898755654,83.58255737304691,81.04567400958086,2.5368833634660457,0.19159232377358068,83.0,81.93243243243244,1.0675675675675675,0.26366074782728155,0.9248085883063139,2.0,79.5,0.186825903108155,0.06622288803277812,-1.9867321435755685,-1.470768044157392,5.392976467993975,1.7871274487496152,2.5,1.5135135135135158,4.08255737304691,1.545674009580864,3.5,2.432432432432435,2.133582779579555
233,2026-08-26,KXHIGHNY-26AUG26,KXHIGHNY-26AUG26-T87,"Will the maximum temperature be >87° on Aug 26, 2026?",greater,87.0,,finalized,no,0.0,2026-08-25 20:05:00+00:00,2026-08-25 20:31:00+00:00,0.0,0.01,0.99,1.0,LIVE,LIVE,2026-09-28T01:04:28.926362+00:00,20:05,0.005,0.01,0.005025125628140704,26.0,0,81.3345683732177,0.29901440636185456,2.3982168901413607,81.63358277957956,83.36888346026022,1.0462352713725585,2.892976467993975,81.31968685106911,0.36923651366369376,84.89297646799398,81.28712744874962,3.6058490192443626,0.26537502964348375,82.0,81.01351351351352,0.9864864864864865,0.279371898755654,83.58255737304691,81.04567400958086,2.5368833634660457,0.19159232377358068,83.0,81.93243243243244,1.0675675675675675,0.26366074782728155,0.9248085883063139,2.0,87.5,0.007219387255719245,0.0021942616275785415,-5.288267030694535,-4.923739624169081,-2.607023532006025,-6.212872551250385,-5.5,-6.486486486486484,-3.9174426269530898,-6.454325990419136,-4.5,-5.567567567567565,-5.866417220420445
235,2026-08-27,KXHIGHNY-26AUG27,KXHIGHNY-26AUG27-B80.5,"Will the maximum temperature be 80-81° on Aug 27, 2026?",between,80.0,81.0,finalized,no,0.0,2026-08-26 20:05:00+00:00,2026-08-26 20:06:00+00:00,0.37,0.4,0.6,0.63,LIVE,LIVE,2026-09-28T01:04:31.313682+00:00,20:05,0.385,0.030000000000000027,0.36666666666666664,1.0,0,79.86900161683597,0.2849347890378643,2.37268839360425,80.15393640587384,81.91360569123302,2.4503827523886663,6.746840977822629,79.86014659069431,1.4865449942021038,85.74684097782263,82.13716359259494,3.6096773852276907,0.2654455617963749,79.0,78.01333333333334,0.9866666666666667,0.28003890578848517,81.90758178710942,79.37008943684896,2.5374923502604574,0.19201990038723296,81.0,79.92,1.08,0.26249563202790693,1.3861044120859676,2.0,80.5,0.32332632168021785,-0.04334034498644879,-0.5465437063680699,-0.7385270482938918,5.246840977822629,1.6371635925949448,-1.5,-2.4866666666666646,1.4075817871094216,-1.1299105631510429,0.5,-0.5799999999999983,-0.3460635941261643
236,2026-08-27,KXHIGHNY-26AUG27,KXHIGHNY-26AUG27-B82.5,"Will the maximum temperature be 82-83° on Aug 27, 2026?",between,82.0,83.0,finalized,no,0.0,2026-08-26 20:05:00+00:00,2026-08-26 20:06:00+00:00,0.15,0.16,0.84,0.85,LIVE,LIVE,2026-09-28T01:04:31.313682+00:00,20:05,0.155,0.010000000000000009,0.14761904761904762,1.0,0,79.86900161683597,0.2849347890378643,2.37268839360425,80.15393640587384,81.91360569123302,2.4503827523886663,6.746840977822629,79.86014659069431,1.4865449942021038,85.74684097782263,82.13716359259494,3.6096773852276907,0.2654455617963749,79.0,78.01333333333334,0.9866666666666667,0.28003890578848517,81.90758178710942,79.37008943684896,2.5374923502604574,0.19201990038723296,81.0,79.92,1.08,0.26249563202790693,1.3861044120859676,2.0,82.5,0.20601562938694662,0.058396581767899,-1.7533986013556087,-1.3491117399650074,3.246840977822629,-0.3628364074050552,-3.5,-4.486666666666665,-0.5924182128905784,-3.129910563151043,-1.5,-2.5799999999999983,-2.3460635941261643
237,2026-08-27,KXHIGHNY-26AUG27,KXHIGHNY-26AUG27-B84.5,"Will the maximum temperature be 84-85° on Aug 27, 2026?",between,84.0,85.0,finalized,no,0.0,2026-08-26 20:05:00+00:00,2026-08-26 20:06:00+00:00,0.03,0.05,0.95,0.97,LIVE,LIVE,2026-09-28T01:04:31.313682+00:00,20:05,0.04,0.020000000000000004,0.03809523809523809,1.0,0,79.86900161683597,0.2849347890378643,2.37268839360425,80.15393640587384,81.91360569123302,2.4503827523886663,6.746840977822629,79.86014659069431,1.4865449942021038,85.74684097782263,82.13716359259494,3.6096773852276907,0.2654455617963749,79.0,78.01333333333334,0.9866666666666667,0.28003890578848517,81.90758178710942,79.37008943684896,2.5374923502604574,0.19201990038723296,81.0,79.92,1.08,0.26249563202790693,1.3861044120859676,2.0,84.5,0.06710989036724391,0.029014652272005816,-3.228826155721369,-2.6319559816253344,1.2468409778226288,-2.362836407405055,-5.5,-6.486666666666665,-2.5924182128905784,-5.129910563151043,-3.5,-4.579999999999998,-4.346063594126164
238,2026-08-27,KXHIGHNY-26AUG27,KXHIGHNY-26AUG27-B86.5,"Will the maximum temperature be 86-87° on Aug 27, 2026?",between,86.0,87.0,finalized,no,0.0,2026-08-26 20:05:00+00:00,2026-08-26 20:06:00+00:00,0.01,0.02,0.98,0.99,LIVE,LIVE,2026-09-28T01:04:31.313682+00:00,20:05,0.015,0.01,0.014285714285714285,1.0,0,79.86900161683597,0.2849347890378643,2.37268839360425,80.15393640587384,81.91360569123302,2.4503827523886663,6.746840977822629,79.86014659069431,1.4865449942021038,85.74684097782263,82.13716359259494,3.6096773852276907,0.2654455617963749,79.0,78.01333333333334,0.9866666666666667,0.28003890578848517,81.90758178710942,79.37008943684896,2.5374923502604574,0.19201990038723296,81.0,79.92,1.08,0.26249563202790693,1.3861044120859676,2.0,86.5,0.011143860550607676,-0.0031418537351066093,-4.23410650459726,-4.485660137431308,-0.7531590221773712,-4.362836407405055,-7.5,-8.486666666666665,-4.592418212890578,-7.129910563151043,-5.5,-6.579999999999998,-6.346063594126164
234,2026-08-27,KXHIGHNY-26AUG27,KXHIGHNY-26AUG27-T80,"Will the maximum temperature be <80° on Aug 27, 2026?",less,,80.0,finalized,yes,1.0,2026-08-26 20:05:00+00:00,2026-08-26 20:06:00+00:00,0.44,0.46,0.54,0.56,LIVE,LIVE,2026-09-28T01:04:31.313682+00:00,20:05,0.45,0.020000000000000018,0.42857142857142855,1.0,1,79.86900161683597,0.2849347890378643,2.37268839360425,80.15393640587384,81.91360569123302,2.4503827523886663,6.746840977822629,79.86014659069431,1.4865449942021038,85.74684097782263,82.13716359259494,3.6096773852276907,0.2654455617963749,79.0,78.01333333333334,0.9866666666666667,0.28003890578848517,81.90758178710942,79.37008943684896,2.5374923502604574,0.19201990038723296,81.0,79.92,1.08,0.26249563202790693,1.3861044120859676,2.0,79.5,0.391423853302504,-0.03714757526892454,-0.2876820724517809,-0.4413310463199469,6.246840977822629,2.637163592594945,-0.5,-1.4866666666666646,2.4075817871094216,-0.12991056315104288,1.5,0.4200000000000017,0.6539364058738357
239,2026-08-27,KXHIGHNY-26AUG27,KXHIGHNY-26AUG27-T87,"Will the maximum temperature be >87° on Aug 27, 2026?",greater,87.0,,finalized,no,0.0,2026-08-26 20:05:00+00:00,2026-08-26 20:09:00+00:00,0.0,0.01,0.99,1.0,LIVE,LIVE,2026-09-28T01:04:31.313682+00:00,20:05,0.005,0.01,0.0047619047619047615,4.0,0,79.86900161683597,0.2849347890378643,2.37268839360425,80.15393640587384,81.91360569123302,2.4503827523886663,6.746840977822629,79.86014659069431,1.4865449942021038,85.74684097782263,82.13716359259494,3.6096773852276907,0.2654455617963749,79.0,78.01333333333334,0.9866666666666667,0.28003890578848517,81.90758178710942,79.37008943684896,2.5374923502604574,0.19201990038723296,81.0,79.92,1.08,0.26249563202790693,1.3861044120859676,2.0,87.5,0.0009804447124799331,-0.0037814600494248283,-5.342334251964811,-6.906754778648554,-1.7531590221773712,-5.362836407405055,-8.5,-9.486666666666665,-5.592418212890578,-8.129910563151043,-6.5,-7.579999999999998,-7.346063594126164
241,2026-08-28,KXHIGHNY-26AUG28,KXHIGHNY-26AUG28-B80.5,"Will the maximum temperature be 80-81° on Aug 28, 2026?",between,80.0,81.0,finalized,no,0.0,2026-08-27 20:05:00+00:00,2026-08-27 20:06:00+00:00,0.42,0.44,0.56,0.5800000000000001,LIVE,LIVE,2026-09-28T01:04:33.803569+00:00,20:05,0.43,0.020000000000000018,0.427860696517413,1.0,0,82.07245780570557,0.2163709541275635,2.3918178965223014,82.28882875983314,84.0670455637286,2.4123691112902947,6.179240604523741,81.9759529554176,1.557082221786346,88.17924060452374,84.50196896149875,3.677271643024992,0.260527808926435,83.0,82.0,1.0,0.2839510301130956,83.08894165039067,80.52026391280324,2.5686777375874175,0.19348829362279923,82.0,80.88157894736842,1.118421052631579,0.26203286733767023,1.3521854728357177,2.0,80.5,0.24896456850733473,-0.17889612801007826,-0.2905848321097422,-1.1041422385474848,7.679240604523741,4.001968961498747,2.5,1.5,2.588941650390666,0.020263912803244466,1.5,0.3815789473684248,1.7888287598331374
242,2026-08-28,KXHIGHNY-26AUG28,KXHIGHNY-26AUG28-B82.5,"Will the maximum temperature be 82-83° on Aug 28, 2026?",between,82.0,83.0,finalized,no,0.0,2026-08-27 20:05:00+00:00,2026-08-27 20:09:00+00:00,0.32,0.35,0.65,0.6799999999999999,LIVE,LIVE,2026-09-28T01:04:33.803569+00:00,20:05,0.33499999999999996,0.02999999999999997,0.3333333333333333,4.0,0,82.07245780570557,0.2163709541275635,2.3918178965223014,82.28882875983314,84.0670455637286,2.4123691112902947,6.179240604523741,81.9759529554176,1.557082221786346,88.17924060452374,84.50196896149875,3.677271643024992,0.260527808926435,83.0,82.0,1.0,0.2839510301130956,83.08894165039067,80.52026391280324,2.5686777375874175,0.19348829362279923,82.0,80.88157894736842,1.118421052631579,0.26203286733767023,1.3521854728357177,2.0,82.5,0.32293100634066696,-0.010402326992666355,-0.6931471805599454,-0.7403344808443365,5.679240604523741,2.001968961498747,0.5,-0.5,0.5889416503906659,-1.9797360871967555,-0.5,-1.6184210526315752,-0.21117124016686262
243,2026-08-28,KXHIGHNY-26AUG28,KXHIGHNY-26AUG28-B84.5,"Will the maximum temperature be 84-85° on Aug 28, 2026?",between,84.0,85.0,finalized,yes,1.0,2026-08-27 20:05:00+00:00,2026-08-27 20:06:00+00:00,0.09,0.1,0.9,0.91,LIVE,LIVE,2026-09-28T01:04:33.803569+00:00,20:05,0.095,0.010000000000000009,0.09452736318407962,1.0,1,82.07245780570557,0.2163709541275635,2.3918178965223014,82.28882875983314,84.0670455637286,2.4123691112902947,6.179240604523741,81.9759529554176,1.557082221786346,88.17924060452374,84.50196896149875,3.677271643024992,0.260527808926435,83.0,82.0,1.0,0.2839510301130956,83.08894165039067,80.52026391280324,2.5686777375874175,0.19348829362279923,82.0,80.88157894736842,1.118421052631579,0.26203286733767023,1.3521854728357177,2.0,84.5,0.21658817181609458,0.12206080863201496,-2.259567707910355,-1.2856607949868293,3.6792406045237414,0.001968961498747035,-1.5,-2.5,-1.411058349609334,-3.9797360871967555,-2.5,-3.618421052631575,-2.2111712401668626
244,2026-08-28,KXHIGHNY-26AUG28,KXHIGHNY-26AUG28-B86.5,"Will the maximum temperature be 86-87° on Aug 28, 2026?",between,86.0,87.0,finalized,no,0.0,2026-08-27 20:05:00+00:00,2026-08-27 20:06:00+00:00,0.01,0.02,0.98,0.99,LIVE,LIVE,2026-09-28T01:04:33.803569+00:00,20:05,0.015,0.01,0.01492537313432836,1.0,0,82.07245780570557,0.2163709541275635,2.3918178965223014,82.28882875983314,84.0670455637286,2.4123691112902947,6.179240604523741,81.9759529554176,1.557082221786346,88.17924060452374,84.50196896149875,3.677271643024992,0.260527808926435,83.0,82.0,1.0,0.2839510301130956,83.08894165039067,80.52026391280324,2.5686777375874175,0.19348829362279923,82.0,80.88157894736842,1.118421052631579,0.26203286733767023,1.3521854728357177,2.0,86.5,0.07503126459610165,0.060105891461773295,-4.189654742026425,-2.511855049422713,1.6792406045237414,-1.998031038501253,-3.5,-4.5,-3.411058349609334,-5.9797360871967555,-4.5,-5.618421052631575,-4.211171240166863
240,2026-08-28,KXHIGHNY-26AUG28,KXHIGHNY-26AUG28-T80,"Will the maximum temperature be <80° on Aug 28, 2026?",less,,80.0,finalized,no,0.0,2026-08-27 20:05:00+00:00,2026-08-27 20:08:00+00:00,0.12,0.13,0.87,0.88,LIVE,LIVE,2026-09-28T01:04:33.803569+00:00,20:05,0.125,0.010000000000000009,0.12437810945273634,3.0,0,82.07245780570557,0.2163709541275635,2.3918178965223014,82.28882875983314,84.0670455637286,2.4123691112902947,6.179240604523741,81.9759529554176,1.557082221786346,88.17924060452374,84.50196896149875,3.677271643024992,0.260527808926435,83.0,82.0,1.0,0.2839510301130956,83.08894165039067,80.52026391280324,2.5686777375874175,0.19348829362279923,82.0,80.88157894736842,1.118421052631579,0.26203286733767023,1.3521854728357177,2.0,79.5,0.12180983505273368,-0.0025682744000026514,-1.951608170169951,-1.9754020593860833,8.679240604523741,5.001968961498747,3.5,2.5,3.588941650390666,1.0202639128032445,2.5,1.3815789473684248,2.7888287598331374
245,2026-08-28,KXHIGHNY-26AUG28,KXHIGHNY-26AUG28-T87,"Will the maximum temperature be >87° on Aug 28, 2026?",greater,87.0,,finalized,no,0.0,2026-08-27 20:05:00+00:00,2026-08-27 20:06:00+00:00,0.0,0.01,0.99,1.0,LIVE,LIVE,2026-09-28T01:04:33.803569+00:00,20:05,0.005,0.01,0.0049751243781094535,1.0,0,82.07245780570557,0.2163709541275635,2.3918178965223014,82.28882875983314,84.0670455637286,2.4123691112902947,6.179240604523741,81.9759529554176,1.557082221786346,88.17924060452374,84.50196896149875,3.677271643024992,0.260527808926435,83.0,82.0,1.0,0.2839510301130956,83.08894165039067,80.52026391280324,2.5686777375874175,0.19348829362279923,82.0,80.88157894736842,1.118421052631579,0.26203286733767023,1.3521854728357177,2.0,87.5,0.014675153687068399,0.009700029308958944,-5.298317366548036,-4.2068155416406885,0.6792406045237414,-2.998031038501253,-4.5,-5.5,-4.411058349609334,-6.9797360871967555,-5.5,-6.618421052631575,-5.211171240166863
247,2026-08-29,KXHIGHNY-26AUG29,KXHIGHNY-26AUG29-B79.5,"Will the maximum temperature be 79-80° on Aug 29, 2026?",between,79.0,80.0,finalized,no,0.0,2026-08-28 20:05:00+00:00,2026-08-28 20:07:00+00:00,0.34,0.35,0.65,0.6599999999999999,LIVE,LIVE,2026-09-28T01:04:36.266320+00:00,20:05,0.345,0.009999999999999953,0.3317307692307692,2.0,0,77.64657399466955,0.2527788528545181,2.378808091751332,77.89935284752407,79.40971351869646,2.5769910261600515,7.215389719317045,77.3449072356398,2.440961232198636,82.92712189705146,79.24333117660441,3.6837907204470537,0.26325234737454317,79.0,78.02597402597402,0.974025974025974,0.2829113541318755,75.71173217773442,73.18824581790281,2.5234863598316153,0.1929872751713178,80.0,78.92207792207792,1.077922077922078,0.26084902332226356,1.7593088996265986,2.0,79.5,0.2631869924262362,-0.068543776804533,-0.7003674285334326,-1.029469361572947,3.427121897051464,-0.25666882339558583,-0.5,-1.4740259740259773,-3.7882678222655812,-6.311754182097189,0.5,-0.5779220779220822,-1.6006471524759291
248,2026-08-29,KXHIGHNY-26AUG29,KXHIGHNY-26AUG29-B81.5,"Will the maximum temperature be 81-82° on Aug 29, 2026?",between,81.0,82.0,finalized,no,0.0,2026-08-28 20:05:00+00:00,2026-08-28 20:06:00+00:00,0.06,0.07,0.9299999999999999,0.94,LIVE,LIVE,2026-09-28T01:04:36.266320+00:00,20:05,0.065,0.010000000000000009,0.0625,1.0,0,77.64657399466955,0.2527788528545181,2.378808091751332,77.89935284752407,79.40971351869646,2.5769910261600515,7.215389719317045,77.3449072356398,2.440961232198636,82.92712189705146,79.24333117660441,3.6837907204470537,0.26325234737454317,79.0,78.02597402597402,0.974025974025974,0.2829113541318755,75.71173217773442,73.18824581790281,2.5234863598316153,0.1929872751713178,80.0,78.92207792207792,1.077922077922078,0.26084902332226356,1.7593088996265986,2.0,81.5,0.1105848926315981,0.0480848926315981,-2.70805020110221,-2.084780578847501,1.4271218970514639,-2.256668823395586,-2.5,-3.4740259740259773,-5.788267822265581,-8.31175418209719,-1.5,-2.577922077922082,-3.600647152475929
249,2026-08-29,KXHIGHNY-26AUG29,KXHIGHNY-26AUG29-B83.5,"Will the maximum temperature be 83-84° on Aug 29, 2026?",between,83.0,84.0,finalized,no,0.0,2026-08-28 20:05:00+00:00,2026-08-28 20:07:00+00:00,0.01,0.02,0.98,0.99,LIVE,LIVE,2026-09-28T01:04:36.266320+00:00,20:05,0.015,0.01,0.014423076923076922,2.0,0,77.64657399466955,0.2527788528545181,2.378808091751332,77.89935284752407,79.40971351869646,2.5769910261600515,7.215389719317045,77.3449072356398,2.440961232198636,82.92712189705146,79.24333117660441,3.6837907204470537,0.26325234737454317,79.0,78.02597402597402,0.974025974025974,0.2829113541318755,75.71173217773442,73.18824581790281,2.5234863598316153,0.1929872751713178,80.0,78.92207792207792,1.077922077922078,0.26084902332226356,1.7593088996265986,2.0,83.5,0.023793697675921766,0.009370620752844843,-4.2243976904702984,-3.714253197330438,-0.5728781029485361,-4.256668823395586,-4.5,-5.474025974025977,-7.788267822265581,-10.31175418209719,-3.5,-4.577922077922082,-5.600647152475929
250,2026-08-29,KXHIGHNY-26AUG29,KXHIGHNY-26AUG29-B85.5,"Will the maximum temperature be 85-86° on Aug 29, 2026?",between,85.0,86.0,finalized,no,0.0,2026-08-28 20:05:00+00:00,2026-08-28 20:06:00+00:00,0.0,0.01,0.99,1.0,LIVE,LIVE,2026-09-28T01:04:36.266320+00:00,20:05,0.005,0.01,0.004807692307692308,1.0,0,77.64657399466955,0.2527788528545181,2.378808091751332,77.89935284752407,79.40971351869646,2.5769910261600515,7.215389719317045,77.3449072356398,2.440961232198636,82.92712189705146,79.24333117660441,3.6837907204470537,0.26325234737454317,79.0,78.02597402597402,0.974025974025974,0.2829113541318755,75.71173217773442,73.18824581790281,2.5234863598316153,0.1929872751713178,80.0,78.92207792207792,1.077922077922078,0.26084902332226356,1.7593088996265986,2.0,85.5,0.0026121633890163753,-0.0021955289186759326,-5.332718793265369,-5.944960935261386,-2.572878102948536,-6.256668823395586,-6.5,-7.474025974025977,-9.788267822265581,-12.31175418209719,-5.5,-6.577922077922082,-7.600647152475929
246,2026-08-29,KXHIGHNY-26AUG29,KXHIGHNY-26AUG29-T79,"Will the maximum temperature be <79° on Aug 29, 2026?",less,,79.0,finalized,yes,1.0,2026-08-28 20:05:00+00:00,2026-08-28 20:06:00+00:00,0.6,0.61,0.39,0.4,LIVE,LIVE,2026-09-28T01:04:36.266320+00:00,20:05,0.605,0.010000000000000009,0.5817307692307692,1.0,1,77.64657399466955,0.2527788528545181,2.378808091751332,77.89935284752407,79.40971351869646,2.5769910261600515,7.215389719317045,77.3449072356398,2.440961232198636,82.92712189705146,79.24333117660441,3.6837907204470537,0.26325234737454317,79.0,78.02597402597402,0.974025974025974,0.2829113541318755,75.71173217773442,73.18824581790281,2.5234863598316153,0.1929872751713178,80.0,78.92207792207792,1.077922077922078,0.26084902332226356,1.7593088996265986,2.0,78.5,0.5996723858136672,0.017941616582898057,0.329882426942157,0.4041002350997663,4.427121897051464,0.7433311766044142,0.5,-0.47402597402597735,-2.7882678222655812,-5.311754182097189,1.5,0.42207792207791783,-0.6006471524759291
251,2026-08-29,KXHIGHNY-26AUG29,KXHIGHNY-26AUG29-T86,"Will the maximum temperature be >86° on Aug 29, 2026?",greater,86.0,,finalized,no,0.0,2026-08-28 20:05:00+00:00,2026-08-28 20:06:00+00:00,0.0,0.01,0.99,1.0,LIVE,LIVE,2026-09-28T01:04:36.266320+00:00,20:05,0.005,0.01,0.004807692307692308,1.0,0,77.64657399466955,0.2527788528545181,2.378808091751332,77.89935284752407,79.40971351869646,2.5769910261600515,7.215389719317045,77.3449072356398,2.440961232198636,82.92712189705146,79.24333117660441,3.6837907204470537,0.26325234737454317,79.0,78.02597402597402,0.974025974025974,0.2829113541318755,75.71173217773442,73.18824581790281,2.5234863598316153,0.1929872751713178,80.0,78.92207792207792,1.077922077922078,0.26084902332226356,1.7593088996265986,2.0,86.5,0.00014986806356032112,-0.004657824244131987,-5.332718793265369,-6.906754778648554,-3.572878102948536,-7.256668823395586,-7.5,-8.474025974025977,-10.788267822265581,-13.31175418209719,-6.5,-7.577922077922082,-8.60064715247593
253,2026-08-30,KXHIGHNY-26AUG30,KXHIGHNY-26AUG30-B82.5,"Will the maximum temperature be 82-83° on Aug 30, 2026?",between,82.0,83.0,finalized,no,0.0,2026-08-29 20:05:00+00:00,2026-08-29 20:09:00+00:00,0.3,0.31,0.69,0.7,LIVE,LIVE,2026-09-28T01:04:38.712805+00:00,20:05,0.305,0.010000000000000009,0.3112244897959184,4.0,0,79.26025920025188,0.21320900186443334,2.369279759712418,79.47346820211631,81.17943003992883,3.0876613505301234,7.307635931199641,79.09738135641523,2.665580079017974,85.30763593119964,81.58226404182176,3.7253718893778793,0.2617088850761847,78.0,77.0,1.0,0.284658159863235,78.41008422851567,75.92264599922376,2.4874382292919077,0.19369145493181142,83.0,81.88461538461539,1.1153846153846154,0.25994150012876877,2.366560527114211,2.0,82.5,0.1515675459888426,-0.1596569438070758,-0.7944009142651182,-1.7223591014546458,2.8076359311996413,-0.9177359581782412,-4.5,-5.5,-4.089915771484328,-6.577354000776239,0.5,-0.6153846153846132,-3.026531797883692
254,2026-08-30,KXHIGHNY-26AUG30,KXHIGHNY-26AUG30-B84.5,"Will the maximum temperature be 84-85° on Aug 30, 2026?",between,84.0,85.0,finalized,no,0.0,2026-08-29 20:05:00+00:00,2026-08-29 20:06:00+00:00,0.13,0.14,0.86,0.87,LIVE,LIVE,2026-09-28T01:04:38.712805+00:00,20:05,0.135,0.010000000000000009,0.13775510204081634,1.0,0,79.26025920025188,0.21320900186443334,2.369279759712418,79.47346820211631,81.17943003992883,3.0876613505301234,7.307635931199641,79.09738135641523,2.665580079017974,85.30763593119964,81.58226404182176,3.7253718893778793,0.2617088850761847,78.0,77.0,1.0,0.284658159863235,78.41008422851567,75.92264599922376,2.4874382292919077,0.19369145493181142,83.0,81.88461538461539,1.1153846153846154,0.25994150012876877,2.366560527114211,2.0,84.5,0.03912923589651518,-0.09862586614430116,-1.8340618489187444,-3.200970010559791,0.8076359311996413,-2.917735958178241,-6.5,-7.5,-6.089915771484328,-8.57735400077624,-1.5,-2.615384615384613,-5.026531797883692
255,2026-08-30,KXHIGHNY-26AUG30,KXHIGHNY-26AUG30-B86.5,"Will the maximum temperature be 86-87° on Aug 30, 2026?",between,86.0,87.0,finalized,no,0.0,2026-08-29 20:05:00+00:00,2026-08-29 20:06:00+00:00,0.04,0.06,0.94,0.96,LIVE,LIVE,2026-09-28T01:04:38.712805+00:00,20:05,0.05,0.019999999999999997,0.05102040816326531,1.0,0,79.26025920025188,0.21320900186443334,2.369279759712418,79.47346820211631,81.17943003992883,3.0876613505301234,7.307635931199641,79.09738135641523,2.665580079017974,85.30763593119964,81.58226404182176,3.7253718893778793,0.2617088850761847,78.0,77.0,1.0,0.284658159863235,78.41008422851567,75.92264599922376,2.4874382292919077,0.19369145493181142,83.0,81.88461538461539,1.1153846153846154,0.25994150012876877,2.366560527114211,2.0,86.5,0.005133281566190195,-0.04588712659707511,-2.9231615807191553,-5.266863640671287,-1.1923640688003587,-4.917735958178241,-8.5,-9.5,-8.089915771484328,-10.57735400077624,-3.5,-4.615384615384613,-7.026531797883692
256,2026-08-30,KXHIGHNY-26AUG30,KXHIGHNY-26AUG30-B88.5,"Will the maximum temperature be 88-89° on Aug 30, 2026?",between,88.0,89.0,finalized,no,0.0,2026-08-29 20:05:00+00:00,2026-08-29 20:09:00+00:00,0.0,0.02,0.98,1.0,LIVE,LIVE,2026-09-28T01:04:38.712805+00:00,20:05,0.01,0.02,0.010204081632653062,4.0,0,79.26025920025188,0.21320900186443334,2.369279759712418,79.47346820211631,81.17943003992883,3.0876613505301234,7.307635931199641,79.09738135641523,2.665580079017974,85.30763593119964,81.58226404182176,3.7253718893778793,0.2617088850761847,78.0,77.0,1.0,0.284658159863235,78.41008422851567,75.92264599922376,2.4874382292919077,0.19369145493181142,83.0,81.88461538461539,1.1153846153846154,0.25994150012876877,2.366560527114211,2.0,88.5,0.00034075321403681524,-0.009863328418616247,-4.574710978503383,-6.906754778648554,-3.1923640688003587,-6.917735958178241,-10.5,-11.5,-10.089915771484328,-12.57735400077624,-5.5,-6.615384615384613,-9.026531797883692
252,2026-08-30,KXHIGHNY-26AUG30,KXHIGHNY-26AUG30-T82,"Will the maximum temperature be <82° on Aug 30, 2026?",less,,82.0,finalized,yes,1.0,2026-08-29 20:05:00+00:00,2026-08-29 20:06:00+00:00,0.47,0.48,0.52,0.53,LIVE,LIVE,2026-09-28T01:04:38.712805+00:00,20:05,0.475,0.010000000000000009,0.4846938775510204,1.0,1,79.26025920025188,0.21320900186443334,2.369279759712418,79.47346820211631,81.17943003992883,3.0876613505301234,7.307635931199641,79.09738135641523,2.665580079017974,85.30763593119964,81.58226404182176,3.7253718893778793,0.2617088850761847,78.0,77.0,1.0,0.284658159863235,78.41008422851567,75.92264599922376,2.4874382292919077,0.19369145493181142,83.0,81.88461538461539,1.1153846153846154,0.25994150012876877,2.366560527114211,2.0,81.5,0.8038175965575513,0.31912371900653086,-0.06124362524071879,1.4103275172153054,3.8076359311996413,0.08226404182175884,-3.5,-4.5,-3.0899157714843284,-5.577354000776239,1.5,0.3846153846153868,-2.026531797883692
257,2026-08-30,KXHIGHNY-26AUG30,KXHIGHNY-26AUG30-T89,"Will the maximum temperature be >89° on Aug 30, 2026?",greater,89.0,,finalized,no,0.0,2026-08-29 20:05:00+00:00,2026-08-29 20:07:00+00:00,0.0,0.01,0.99,1.0,LIVE,LIVE,2026-09-28T01:04:38.712805+00:00,20:05,0.005,0.01,0.005102040816326531,2.0,0,79.26025920025188,0.21320900186443334,2.369279759712418,79.47346820211631,81.17943003992883,3.0876613505301234,7.307635931199641,79.09738135641523,2.665580079017974,85.30763593119964,81.58226404182176,3.7253718893778793,0.2617088850761847,78.0,77.0,1.0,0.284658159863235,78.41008422851567,75.92264599922376,2.4874382292919077,0.19369145493181142,83.0,81.88461538461539,1.1153846153846154,0.25994150012876877,2.366560527114211,2.0,89.5,1.1586776863969916e-05,-0.005090454039462561,-5.272999558563747,-6.906754778648554,-4.192364068800359,-7.917735958178241,-11.5,-12.5,-11.089915771484328,-13.57735400077624,-6.5,-7.615384615384613,-10.026531797883692
259,2026-08-31,KXHIGHNY-26AUG31,KXHIGHNY-26AUG31-B78.5,"Will the maximum temperature be 78-79° on Aug 31, 2026?",between,78.0,79.0,finalized,yes,1.0,2026-08-30 20:05:00+00:00,2026-08-30 20:06:00+00:00,0.32,0.33,0.6699999999999999,0.6799999999999999,LIVE,LIVE,2026-09-28T01:04:41.134191+00:00,20:05,0.325,0.010000000000000009,0.3316326530612245,1.0,1,78.06807606274802,0.20354638549471263,2.345445348820653,78.27162244824274,80.03461709299398,0.7546853678968024,2.1323257938507965,77.9513357340827,1.029320569500351,81.13539708291334,77.37733830693013,3.758058775983218,0.26163799034143026,80.0,79.0253164556962,0.9746835443037974,0.2846652220558656,79.00307128906255,76.55458690788173,2.4484843811808163,0.1943152167656587,80.0,78.84810126582279,1.1518987341772151,0.25938157083704555,2.6269746924983735,3.0,78.5,0.3286839215631785,-0.002948731498046031,-0.7008100533055143,-0.7141435176107188,2.635397082913343,-1.1226616930698725,1.5,0.5253164556961991,0.5030712890625466,-1.9454130921182724,1.5,0.3481012658227911,-0.22837755175726215
260,2026-08-31,KXHIGHNY-26AUG31,KXHIGHNY-26AUG31-B80.5,"Will the maximum temperature be 80-81° on Aug 31, 2026?",between,80.0,81.0,finalized,no,0.0,2026-08-30 20:05:00+00:00,2026-08-30 20:07:00+00:00,0.24,0.25,0.75,0.76,LIVE,LIVE,2026-09-28T01:04:41.134191+00:00,20:05,0.245,0.010000000000000009,0.25,2.0,0,78.06807606274802,0.20354638549471263,2.345445348820653,78.27162244824274,80.03461709299398,0.7546853678968024,2.1323257938507965,77.9513357340827,1.029320569500351,81.13539708291334,77.37733830693013,3.758058775983218,0.26163799034143026,80.0,79.0253164556962,0.9746835443037974,0.2846652220558656,79.00307128906255,76.55458690788173,2.4484843811808163,0.1943152167656587,80.0,78.84810126582279,1.1518987341772151,0.25938157083704555,2.6269746924983735,3.0,80.5,0.21589166583708197,-0.03410833416291803,-1.0986122886681098,-1.2897704573176736,0.6353970829133431,-3.1226616930698725,-0.5,-1.4746835443038009,-1.4969287109374534,-3.9454130921182724,-0.5,-1.651898734177209,-2.228377551757262
261,2026-08-31,KXHIGHNY-26AUG31,KXHIGHNY-26AUG31-B82.5,"Will the maximum temperature be 82-83° on Aug 31, 2026?",between,82.0,83.0,finalized,no,0.0,2026-08-30 20:05:00+00:00,2026-08-30 20:07:00+00:00,0.04,0.05,0.95,0.96,LIVE,LIVE,2026-09-28T01:04:41.134191+00:00,20:05,0.045,0.010000000000000002,0.04591836734693878,2.0,0,78.06807606274802,0.20354638549471263,2.345445348820653,78.27162244824274,80.03461709299398,0.7546853678968024,2.1323257938507965,77.9513357340827,1.029320569500351,81.13539708291334,77.37733830693013,3.758058775983218,0.26163799034143026,80.0,79.0253164556962,0.9746835443037974,0.2846652220558656,79.00307128906255,76.55458690788173,2.4484843811808163,0.1943152167656587,80.0,78.84810126582279,1.1518987341772151,0.25938157083704555,2.6269746924983735,3.0,82.5,0.07144031896982006,0.025521951622881282,-3.0338840395183673,-2.5647722541287417,-1.364602917086657,-5.1226616930698725,-2.5,-3.474683544303801,-3.4969287109374534,-5.945413092118272,-2.5,-3.651898734177209,-4.228377551757262
262,2026-08-31,KXHIGHNY-26AUG31,KXHIGHNY-26AUG31-B84.5,"Will the maximum temperature be 84-85° on Aug 31, 2026?",between,84.0,85.0,finalized,no,0.0,2026-08-30 20:05:00+00:00,2026-08-30 20:06:00+00:00,0.04,0.05,0.95,0.96,LIVE,LIVE,2026-09-28T01:04:41.134191+00:00,20:05,0.045,0.010000000000000002,0.04591836734693878,1.0,0,78.06807606274802,0.20354638549471263,2.345445348820653,78.27162244824274,80.03461709299398,0.7546853678968024,2.1323257938507965,77.9513357340827,1.029320569500351,81.13539708291334,77.37733830693013,3.758058775983218,0.26163799034143026,80.0,79.0253164556962,0.9746835443037974,0.2846652220558656,79.00307128906255,76.55458690788173,2.4484843811808163,0.1943152167656587,80.0,78.84810126582279,1.1518987341772151,0.25938157083704555,2.6269746924983735,3.0,84.5,0.011873071309896122,-0.034045296037042656,-3.0338840395183673,-4.421538239109325,-3.364602917086657,-7.1226616930698725,-4.5,-5.474683544303801,-5.496928710937453,-7.945413092118272,-4.5,-5.651898734177209,-6.228377551757262
258,2026-08-31,KXHIGHNY-26AUG31,KXHIGHNY-26AUG31-T78,"Will the maximum temperature be <78° on Aug 31, 2026?",less,,78.0,finalized,no,0.0,2026-08-30 20:05:00+00:00,2026-08-30 20:07:00+00:00,0.3,0.33,0.6699999999999999,0.7,LIVE,LIVE,2026-09-28T01:04:41.134191+00:00,20:05,0.315,0.030000000000000027,0.32142857142857145,2.0,0,78.06807606274802,0.20354638549471263,2.345445348820653,78.27162244824274,80.03461709299398,0.7546853678968024,2.1323257938507965,77.9513357340827,1.029320569500351,81.13539708291334,77.37733830693013,3.758058775983218,0.26163799034143026,80.0,79.0253164556962,0.9746835443037974,0.2846652220558656,79.00307128906255,76.55458690788173,2.4484843811808163,0.1943152167656587,80.0,78.84810126582279,1.1518987341772151,0.25938157083704555,2.6269746924983735,3.0,77.5,0.371082528364604,0.04965395693603253,-0.747214401830221,-0.5275755561335604,3.635397082913343,-0.12266169306987251,2.5,1.5253164556961991,1.5030712890625466,-0.9454130921182724,2.5,1.348101265822791,0.7716224482427378
263,2026-08-31,KXHIGHNY-26AUG31,KXHIGHNY-26AUG31-T85,"Will the maximum temperature be >85° on Aug 31, 2026?",greater,85.0,,finalized,no,0.0,2026-08-30 20:05:00+00:00,2026-08-30 20:06:00+00:00,0.0,0.01,0.99,1.0,LIVE,LIVE,2026-09-28T01:04:41.134191+00:00,20:05,0.005,0.01,0.005102040816326531,1.0,0,78.06807606274802,0.20354638549471263,2.345445348820653,78.27162244824274,80.03461709299398,0.7546853678968024,2.1323257938507965,77.9513357340827,1.029320569500351,81.13539708291334,77.37733830693013,3.758058775983218,0.26163799034143026,80.0,79.0253164556962,0.9746835443037974,0.2846652220558656,79.00307128906255,76.55458690788173,2.4484843811808163,0.1943152167656587,80.0,78.84810126582279,1.1518987341772151,0.25938157083704555,2.6269746924983735,3.0,85.5,0.001028493955419374,-0.004073546860907157,-5.272999558563747,-6.878630702754018,-4.364602917086657,-8.122661693069873,-5.5,-6.474683544303801,-6.496928710937453,-8.945413092118272,-5.5,-6.651898734177209,-7.228377551757262
265,2026-09-01,KXHIGHNY-26SEP01,KXHIGHNY-26SEP01-B83.5,"Will the maximum temperature be 83-84° on Sep 1, 2026?",between,83.0,84.0,finalized,no,0.0,2026-08-31 20:05:00+00:00,2026-08-31 20:07:00+00:00,0.32,0.33,0.6699999999999999,0.6799999999999999,LIVE,LIVE,2026-09-28T01:04:43.535269+00:00,20:05,0.325,0.010000000000000009,0.3233830845771144,2.0,0,81.93484806863938,0.19811393652985798,2.321706663017595,82.13296200516925,83.94428520940968,1.83951377600828,4.884634734123026,81.86161215382238,1.1458509538681831,86.88463473412303,83.13435922930319,3.7502755048198453,0.2620304146632805,82.0,81.0125,0.9875,0.28462826107718253,82.89250610351567,80.46208938598633,2.4304167175293374,0.19406813252668745,84.0,82.8375,1.1625,0.25927319173284963,4.0163802002157905,4.0,83.5,0.2832161495628347,-0.0401669350142797,-0.7382676158404151,-0.928563945838655,3.3846347341230256,-0.3656407706968139,-1.5,-2.487499999999997,-0.6074938964843284,-3.0379106140136685,0.5,-0.6624999999999943,-1.3670379948307527
266,2026-09-01,KXHIGHNY-26SEP01,KXHIGHNY-26SEP01-B85.5,"Will the maximum temperature be 85-86° on Sep 1, 2026?",between,85.0,86.0,finalized,no,0.0,2026-08-31 20:05:00+00:00,2026-08-31 20:06:00+00:00,0.07,0.08,0.92,0.9299999999999999,LIVE,LIVE,2026-09-28T01:04:43.535269+00:00,20:05,0.07500000000000001,0.009999999999999995,0.0746268656716418,1.0,0,81.93484806863938,0.19811393652985798,2.321706663017595,82.13296200516925,83.94428520940968,1.83951377600828,4.884634734123026,81.86161215382238,1.1458509538681831,86.88463473412303,83.13435922930319,3.7502755048198453,0.2620304146632805,82.0,81.0125,0.9875,0.28462826107718253,82.89250610351567,80.46208938598633,2.4304167175293374,0.19406813252668745,84.0,82.8375,1.1625,0.25927319173284963,4.0163802002157905,4.0,85.5,0.12398823270574832,0.049361367034106526,-2.517696472610991,-1.9551928602627822,1.3846347341230256,-2.365640770696814,-3.5,-4.487499999999997,-2.6074938964843284,-5.0379106140136685,-1.5,-2.6624999999999943,-3.3670379948307527
267,2026-09-01,KXHIGHNY-26SEP01,KXHIGHNY-26SEP01-B87.5,"Will the maximum temperature be 87-88° on Sep 1, 2026?",between,87.0,88.0,finalized,no,0.0,2026-08-31 20:05:00+00:00,2026-08-31 20:06:00+00:00,0.03,0.05,0.95,0.97,LIVE,LIVE,2026-09-28T01:04:43.535269+00:00,20:05,0.04,0.020000000000000004,0.03980099502487562,1.0,0,81.93484806863938,0.19811393652985798,2.321706663017595,82.13296200516925,83.94428520940968,1.83951377600828,4.884634734123026,81.86161215382238,1.1458509538681831,86.88463473412303,83.13435922930319,3.7502755048198453,0.2620304146632805,82.0,81.0125,0.9875,0.28462826107718253,82.89250610351567,80.46208938598633,2.4304167175293374,0.19406813252668745,84.0,82.8375,1.1625,0.25927319173284963,4.0163802002157905,4.0,87.5,0.026939019361154615,-0.012861975663721006,-3.1832486472250494,-3.5868709835550345,-0.6153652658769744,-4.365640770696814,-5.5,-6.487499999999997,-4.607493896484328,-7.0379106140136685,-3.5,-4.662499999999994,-5.367037994830753
268,2026-09-01,KXHIGHNY-26SEP01,KXHIGHNY-26SEP01-B89.5,"Will the maximum temperature be 89-90° on Sep 1, 2026?",between,89.0,90.0,finalized,no,0.0,2026-08-31 20:05:00+00:00,2026-08-31 20:06:00+00:00,0.01,0.02,0.98,0.99,LIVE,LIVE,2026-09-28T01:04:43.535269+00:00,20:05,0.015,0.01,0.014925373134328356,1.0,0,81.93484806863938,0.19811393652985798,2.321706663017595,82.13296200516925,83.94428520940968,1.83951377600828,4.884634734123026,81.86161215382238,1.1458509538681831,86.88463473412303,83.13435922930319,3.7502755048198453,0.2620304146632805,82.0,81.0125,0.9875,0.28462826107718253,82.89250610351567,80.46208938598633,2.4304167175293374,0.19406813252668745,84.0,82.8375,1.1625,0.25927319173284963,4.0163802002157905,4.0,89.5,0.0028928617201299245,-0.012032511414198432,-4.189654742026426,-5.842611998087094,-2.6153652658769744,-6.365640770696814,-7.5,-8.487499999999997,-6.607493896484328,-9.037910614013668,-5.5,-6.662499999999994,-7.367037994830753
264,2026-09-01,KXHIGHNY-26SEP01,KXHIGHNY-26SEP01-T83,"Will the maximum temperature be <83° on Sep 1, 2026?",less,,83.0,finalized,yes,1.0,2026-08-31 20:05:00+00:00,2026-08-31 20:06:00+00:00,0.54,0.55,0.44999999999999996,0.45999999999999996,LIVE,LIVE,2026-09-28T01:04:43.535269+00:00,20:05,0.545,0.010000000000000009,0.5422885572139303,1.0,1,81.93484806863938,0.19811393652985798,2.321706663017595,82.13296200516925,83.94428520940968,1.83951377600828,4.884634734123026,81.86161215382238,1.1458509538681831,86.88463473412303,83.13435922930319,3.7502755048198453,0.2620304146632805,82.0,81.0125,0.9875,0.28462826107718253,82.89250610351567,80.46208938598633,2.4304167175293374,0.19406813252668745,84.0,82.8375,1.1625,0.25927319173284963,4.0163802002157905,4.0,82.5,0.5628069560425014,0.020518398828571094,0.16955930518010334,0.25256183912971003,4.384634734123026,0.6343592293031861,-0.5,-1.4874999999999972,0.3925061035156716,-2.0379106140136685,1.5,0.3375000000000057,-0.3670379948307527
269,2026-09-01,KXHIGHNY-26SEP01,KXHIGHNY-26SEP01-T90,"Will the maximum temperature be >90° on Sep 1, 2026?",greater,90.0,,finalized,no,0.0,2026-08-31 20:05:00+00:00,2026-08-31 20:08:00+00:00,0.0,0.01,0.99,1.0,LIVE,LIVE,2026-09-28T01:04:43.535269+00:00,20:05,0.005,0.01,0.004975124378109453,3.0,0,81.93484806863938,0.19811393652985798,2.321706663017595,82.13296200516925,83.94428520940968,1.83951377600828,4.884634734123026,81.86161215382238,1.1458509538681831,86.88463473412303,83.13435922930319,3.7502755048198453,0.2620304146632805,82.0,81.0125,0.9875,0.28462826107718253,82.89250610351567,80.46208938598633,2.4304167175293374,0.19406813252668745,84.0,82.8375,1.1625,0.25927319173284963,4.0163802002157905,4.0,90.5,0.00015678060763102408,-0.0048183437704784286,-5.298317366548036,-6.906754778648554,-3.6153652658769744,-7.365640770696814,-8.5,-9.487499999999997,-7.607493896484328,-10.037910614013668,-6.5,-7.662499999999994,-8.367037994830753
271,2026-09-02,KXHIGHNY-26SEP02,KXHIGHNY-26SEP02-B75.5,"Will the maximum temperature be 75-76° on Sep 2, 2026?",between,75.0,76.0,finalized,no,0.0,2026-09-01 20:05:00+00:00,2026-09-01 20:07:00+00:00,0.25,0.26,0.74,0.75,LIVE,LIVE,2026-09-28T01:04:45.904353+00:00,20:05,0.255,0.010000000000000009,0.24757281553398058,2.0,0,73.61615790776646,0.19550683838928465,2.298447745221704,73.81166474615574,75.34780590426539,2.5465959345824345,6.345139632686482,73.26684134060622,2.8031251472566563,77.36818162487403,73.60390168512451,3.7642799397495144,0.2619056327515175,76.0,75.0246913580247,0.9753086419753086,0.2842812194133222,71.02304199218754,68.61161182544849,2.4114301667390454,0.19410743948932202,77.0,75.82716049382717,1.1728395061728396,0.2597057083458383,1.7016906467746438,3.0,75.5,0.2612127679808858,0.01363995244690519,-1.1115994841949208,-1.039674687905467,1.8681816248740262,-1.8960983148754877,0.5,-0.4753086419753032,-4.476958007812456,-6.888388174551508,1.5,0.32716049382716506,-1.688335253844258
272,2026-09-02,KXHIGHNY-26SEP02,KXHIGHNY-26SEP02-B77.5,"Will the maximum temperature be 77-78° on Sep 2, 2026?",between,77.0,78.0,finalized,no,0.0,2026-09-01 20:05:00+00:00,2026-09-01 20:06:00+00:00,0.05,0.06,0.94,0.95,LIVE,LIVE,2026-09-28T01:04:45.904353+00:00,20:05,0.055,0.009999999999999995,0.05339805825242718,1.0,0,73.61615790776646,0.19550683838928465,2.298447745221704,73.81166474615574,75.34780590426539,2.5465959345824345,6.345139632686482,73.26684134060622,2.8031251472566563,77.36818162487403,73.60390168512451,3.7642799397495144,0.2619056327515175,76.0,75.0246913580247,0.9753086419753086,0.2842812194133222,71.02304199218754,68.61161182544849,2.4114301667390454,0.19410743948932202,77.0,75.82716049382717,1.1728395061728396,0.2597057083458383,1.7016906467746438,3.0,77.5,0.1003888318511803,0.04699077359875312,-2.8751042857653766,-2.192911670051575,-0.13181837512597383,-3.8960983148754877,-1.5,-2.475308641975303,-6.476958007812456,-8.888388174551508,-0.5,-1.672839506172835,-3.688335253844258
273,2026-09-02,KXHIGHNY-26SEP02,KXHIGHNY-26SEP02-B79.5,"Will the maximum temperature be 79-80° on Sep 2, 2026?",between,79.0,80.0,finalized,no,0.0,2026-09-01 20:05:00+00:00,2026-09-01 20:07:00+00:00,0.01,0.02,0.98,0.99,LIVE,LIVE,2026-09-28T01:04:45.904353+00:00,20:05,0.015,0.01,0.014563106796116504,2.0,0,73.61615790776646,0.19550683838928465,2.298447745221704,73.81166474615574,75.34780590426539,2.5465959345824345,6.345139632686482,73.26684134060622,2.8031251472566563,77.36818162487403,73.60390168512451,3.7642799397495144,0.2619056327515175,76.0,75.0246913580247,0.9753086419753086,0.2842812194133222,71.02304199218754,68.61161182544849,2.4114301667390454,0.19410743948932202,77.0,75.82716049382717,1.1728395061728396,0.2597057083458383,1.7016906467746438,3.0,79.5,0.018878443169070058,0.004315336372953555,-4.214593690373678,-3.9506756649796064,-2.131818375125974,-5.896098314875488,-3.5,-4.475308641975303,-8.476958007812456,-10.888388174551508,-2.5,-3.672839506172835,-5.688335253844258
274,2026-09-02,KXHIGHNY-26SEP02,KXHIGHNY-26SEP02-B81.5,"Will the maximum temperature be 81-82° on Sep 2, 2026?",between,81.0,82.0,finalized,no,0.0,2026-09-01 20:05:00+00:00,2026-09-01 20:06:00+00:00,0.01,0.02,0.98,0.99,LIVE,LIVE,2026-09-28T01:04:45.904353+00:00,20:05,0.015,0.01,0.014563106796116504,1.0,0,73.61615790776646,0.19550683838928465,2.298447745221704,73.81166474615574,75.34780590426539,2.5465959345824345,6.345139632686482,73.26684134060622,2.8031251472566563,77.36818162487403,73.60390168512451,3.7642799397495144,0.2619056327515175,76.0,75.0246913580247,0.9753086419753086,0.2842812194133222,71.02304199218754,68.61161182544849,2.4114301667390454,0.19410743948932202,77.0,75.82716049382717,1.1728395061728396,0.2597057083458383,1.7016906467746438,3.0,81.5,0.0017291289400367393,-0.012833977856079764,-4.214593690373678,-6.3584068745325,-4.131818375125974,-7.896098314875488,-5.5,-6.475308641975303,-10.476958007812456,-12.888388174551508,-4.5,-5.672839506172835,-7.688335253844258
270,2026-09-02,KXHIGHNY-26SEP02,KXHIGHNY-26SEP02-T75,"Will the maximum temperature be <75° on Sep 2, 2026?",less,,75.0,finalized,yes,1.0,2026-09-01 20:05:00+00:00,2026-09-01 20:06:00+00:00,0.68,0.69,0.31000000000000005,0.31999999999999995,LIVE,LIVE,2026-09-28T01:04:45.904353+00:00,20:05,0.685,0.009999999999999898,0.6650485436893204,1.0,1,73.61615790776646,0.19550683838928465,2.298447745221704,73.81166474615574,75.34780590426539,2.5465959345824345,6.345139632686482,73.26684134060622,2.8031251472566563,77.36818162487403,73.60390168512451,3.7642799397495144,0.2619056327515175,76.0,75.0246913580247,0.9753086419753086,0.2842812194133222,71.02304199218754,68.61161182544849,2.4114301667390454,0.19410743948932202,77.0,75.82716049382717,1.1728395061728396,0.2597057083458383,1.7016906467746438,3.0,74.5,0.6177124416596118,-0.047336102029708615,0.6858744212308657,0.4798499484704005,2.868181624874026,-0.8960983148754877,1.5,0.5246913580246968,-3.4769580078124562,-5.888388174551508,2.5,1.327160493827165,-0.688335253844258
275,2026-09-02,KXHIGHNY-26SEP02,KXHIGHNY-26SEP02-T82,"Will the maximum temperature be >82° on Sep 2, 2026?",greater,82.0,,finalized,no,0.0,2026-09-01 20:05:00+00:00,2026-09-01 20:06:00+00:00,0.0,0.01,0.99,1.0,LIVE,LIVE,2026-09-28T01:04:45.904353+00:00,20:05,0.005,0.01,0.0048543689320388345,1.0,0,73.61615790776646,0.19550683838928465,2.298447745221704,73.81166474615574,75.34780590426539,2.5465959345824345,6.345139632686482,73.26684134060622,2.8031251472566563,77.36818162487403,73.60390168512451,3.7642799397495144,0.2619056327515175,76.0,75.0246913580247,0.9753086419753086,0.2842812194133222,71.02304199218754,68.61161182544849,2.4114301667390454,0.19410743948932202,77.0,75.82716049382717,1.1728395061728396,0.2597057083458383,1.7016906467746438,3.0,82.5,7.838639921531332e-05,-0.004775982532823521,-5.3230099791384085,-6.906754778648554,-5.131818375125974,-8.896098314875488,-6.5,-7.475308641975303,-11.476958007812456,-13.888388174551508,-5.5,-6.672839506172835,-8.688335253844258
277,2026-09-03,KXHIGHNY-26SEP03,KXHIGHNY-26SEP03-B83.5,"Will the maximum temperature be 83-84° on Sep 3, 2026?",between,83.0,84.0,finalized,yes,1.0,2026-09-02 20:05:00+00:00,2026-09-02 20:06:00+00:00,0.45,0.46,0.54,0.55,LIVE,LIVE,2026-09-28T01:04:48.330482+00:00,20:05,0.455,0.010000000000000009,0.43127962085308064,1.0,1,83.43107473049204,0.1414363625016741,2.3089617922842387,83.57251109299372,85.42466393255421,2.5135090390507657,5.857002898185456,83.31605496230226,1.6341460857047936,89.77782931420113,85.98179447585254,3.7960348383485933,0.26306562492228114,84.0,82.97560975609755,1.024390243902439,0.2832701510433723,83.92082641601567,81.53852293433214,2.382303481683539,0.19622091752245555,84.0,82.76829268292683,1.2317073170731707,0.25744330651189107,1.6252925149137702,3.0,83.5,0.3348991962589456,-0.09638042459413504,-0.27663223626519556,-0.6861090338872378,6.277829314201128,2.4817944758525385,0.5,-0.5243902439024453,0.4208264160156716,-1.9614770656678644,0.5,-0.7317073170731732,0.0725110929937216
278,2026-09-03,KXHIGHNY-26SEP03,KXHIGHNY-26SEP03-B85.5,"Will the maximum temperature be 85-86° on Sep 3, 2026?",between,85.0,86.0,finalized,no,0.0,2026-09-02 20:05:00+00:00,2026-09-02 20:06:00+00:00,0.17,0.18,0.8200000000000001,0.83,LIVE,LIVE,2026-09-28T01:04:48.330482+00:00,20:05,0.175,0.009999999999999981,0.16587677725118483,1.0,0,83.43107473049204,0.1414363625016741,2.3089617922842387,83.57251109299372,85.42466393255421,2.5135090390507657,5.857002898185456,83.31605496230226,1.6341460857047936,89.77782931420113,85.98179447585254,3.7960348383485933,0.26306562492228114,84.0,82.97560975609755,1.024390243902439,0.2832701510433723,83.92082641601567,81.53852293433214,2.382303481683539,0.19622091752245555,84.0,82.76829268292683,1.2317073170731707,0.25744330651189107,1.6252925149137702,3.0,85.5,0.24153555081462974,0.07565877356344491,-1.615135933548738,-1.144279257195424,4.277829314201128,0.48179447585253854,-1.5,-2.5243902439024453,-1.5791735839843284,-3.9614770656678644,-1.5,-2.731707317073173,-1.9274889070062784
279,2026-09-03,KXHIGHNY-26SEP03,KXHIGHNY-26SEP03-B87.5,"Will the maximum temperature be 87-88° on Sep 3, 2026?",between,87.0,88.0,finalized,no,0.0,2026-09-02 20:05:00+00:00,2026-09-02 20:06:00+00:00,0.05,0.07,0.9299999999999999,0.95,LIVE,LIVE,2026-09-28T01:04:48.330482+00:00,20:05,0.060000000000000005,0.020000000000000004,0.056872037914691954,1.0,0,83.43107473049204,0.1414363625016741,2.3089617922842387,83.57251109299372,85.42466393255421,2.5135090390507657,5.857002898185456,83.31605496230226,1.6341460857047936,89.77782931420113,85.98179447585254,3.7960348383485933,0.26306562492228114,84.0,82.97560975609755,1.024390243902439,0.2832701510433723,83.92082641601567,81.53852293433214,2.382303481683539,0.19622091752245555,84.0,82.76829268292683,1.2317073170731707,0.25744330651189107,1.6252925149137702,3.0,87.5,0.08600174005231886,0.02912970213762691,-2.808398174936492,-2.3634611384598654,2.277829314201128,-1.5182055241474615,-3.5,-4.524390243902445,-3.5791735839843284,-5.961477065667864,-3.5,-4.731707317073173,-3.9274889070062784
280,2026-09-03,KXHIGHNY-26SEP03,KXHIGHNY-26SEP03-B89.5,"Will the maximum temperature be 89-90° on Sep 3, 2026?",between,89.0,90.0,finalized,no,0.0,2026-09-02 20:05:00+00:00,2026-09-02 20:06:00+00:00,0.02,0.03,0.97,0.98,LIVE,LIVE,2026-09-28T01:04:48.330482+00:00,20:05,0.025,0.009999999999999998,0.023696682464454978,1.0,0,83.43107473049204,0.1414363625016741,2.3089617922842387,83.57251109299372,85.42466393255421,2.5135090390507657,5.857002898185456,83.31605496230226,1.6341460857047936,89.77782931420113,85.98179447585254,3.7960348383485933,0.26306562492228114,84.0,82.97560975609755,1.024390243902439,0.2832701510433723,83.92082641601567,81.53852293433214,2.382303481683539,0.19622091752245555,84.0,82.76829268292683,1.2317073170731707,0.25744330651189107,1.6252925149137702,3.0,89.5,0.015069735640016901,-0.008626946824438077,-3.7184382563554808,-4.179882370712777,0.2778293142011279,-3.5182055241474615,-5.5,-6.524390243902445,-5.579173583984328,-7.961477065667864,-5.5,-6.731707317073173,-5.927488907006278
276,2026-09-03,KXHIGHNY-26SEP03,KXHIGHNY-26SEP03-T83,"Will the maximum temperature be <83° on Sep 3, 2026?",less,,83.0,finalized,no,0.0,2026-09-02 20:05:00+00:00,2026-09-02 20:06:00+00:00,0.32,0.35,0.65,0.6799999999999999,LIVE,LIVE,2026-09-28T01:04:48.330482+00:00,20:05,0.33499999999999996,0.02999999999999997,0.3175355450236967,1.0,0,83.43107473049204,0.1414363625016741,2.3089617922842387,83.57251109299372,85.42466393255421,2.5135090390507657,5.857002898185456,83.31605496230226,1.6341460857047936,89.77782931420113,85.98179447585254,3.7960348383485933,0.26306562492228114,84.0,82.97560975609755,1.024390243902439,0.2832701510433723,83.92082641601567,81.53852293433214,2.382303481683539,0.19622091752245555,84.0,82.76829268292683,1.2317073170731707,0.25744330651189107,1.6252925149137702,3.0,82.5,0.321145037171244,0.0036094921475472996,-0.7651206801850344,-0.7485146503808857,7.277829314201128,3.4817944758525385,1.5,0.47560975609755474,1.4208264160156716,-0.9614770656678644,1.5,0.26829268292682684,1.0725110929937216
281,2026-09-03,KXHIGHNY-26SEP03,KXHIGHNY-26SEP03-T90,"Will the maximum temperature be >90° on Sep 3, 2026?",greater,90.0,,finalized,no,0.0,2026-09-02 20:05:00+00:00,2026-09-02 20:06:00+00:00,0.0,0.01,0.99,1.0,LIVE,LIVE,2026-09-28T01:04:48.330482+00:00,20:05,0.005,0.01,0.004739336492890996,1.0,0,83.43107473049204,0.1414363625016741,2.3089617922842387,83.57251109299372,85.42466393255421,2.5135090390507657,5.857002898185456,83.31605496230226,1.6341460857047936,89.77782931420113,85.98179447585254,3.7960348383485933,0.26306562492228114,84.0,82.97560975609755,1.024390243902439,0.2832701510433723,83.92082641601567,81.53852293433214,2.382303481683539,0.19622091752245555,84.0,82.76829268292683,1.2317073170731707,0.25744330651189107,1.6252925149137702,3.0,90.5,0.0013487400628449109,-0.0033905964300460847,-5.3471075307174685,-6.607234758665234,-0.7221706857988721,-4.5182055241474615,-6.5,-7.524390243902445,-6.579173583984328,-8.961477065667864,-6.5,-7.731707317073173,-6.927488907006278
283,2026-09-04,KXHIGHNY-26SEP04,KXHIGHNY-26SEP04-B82.5,"Will the maximum temperature be 82-83° on Sep 4, 2026?",between,82.0,83.0,finalized,no,0.0,2026-09-03 20:05:00+00:00,2026-09-03 20:07:00+00:00,0.39,0.41,0.5900000000000001,0.61,LIVE,LIVE,2026-09-28T01:04:50.718674+00:00,20:05,0.4,0.019999999999999962,0.38461538461538464,2.0,0,83.89464575859886,0.14950219093575493,2.2874062872064487,84.0441479495346,85.92929148027977,1.7895198656200197,4.681745999244015,83.82892281168684,1.4890523045397774,87.68174599924401,83.86183411901769,3.819911880226335,0.26211734217783217,87.0,85.98795180722891,1.0120481927710843,0.2840807909503291,86.03541992187505,83.68277279038028,2.3526471314947695,0.19590083162417582,83.0,81.78313253012048,1.216867469879518,0.2579010352476628,2.463948255248747,2.0,82.5,0.27296654888494587,-0.11164883573043877,-0.4700036292457356,-0.9796232328924958,5.181745999244015,1.3618341190176864,4.5,3.48795180722891,3.5354199218750466,1.1827727903802838,0.5,-0.7168674698795172,1.5441479495346044
284,2026-09-04,KXHIGHNY-26SEP04,KXHIGHNY-26SEP04-B84.5,"Will the maximum temperature be 84-85° on Sep 4, 2026?",between,84.0,85.0,finalized,yes,1.0,2026-09-03 20:05:00+00:00,2026-09-03 20:10:00+00:00,0.3,0.32,0.6799999999999999,0.7,LIVE,LIVE,2026-09-28T01:04:50.718674+00:00,20:05,0.31,0.020000000000000018,0.2980769230769231,5.0,1,83.89464575859886,0.14950219093575493,2.2874062872064487,84.0441479495346,85.92929148027977,1.7895198656200197,4.681745999244015,83.82892281168684,1.4890523045397774,87.68174599924401,83.86183411901769,3.819911880226335,0.26211734217783217,87.0,85.98795180722891,1.0120481927710843,0.2840807909503291,86.03541992187505,83.68277279038028,2.3526471314947695,0.19590083162417582,83.0,81.78313253012048,1.216867469879518,0.2579010352476628,2.463948255248747,2.0,84.5,0.3317792861233868,0.033702363046463735,-0.8564722366632448,-0.700148581952959,3.181745999244015,-0.6381658809823136,2.5,1.4879518072289102,1.5354199218750466,-0.8172272096197162,-1.5,-2.716867469879517,-0.45585205046539556
285,2026-09-04,KXHIGHNY-26SEP04,KXHIGHNY-26SEP04-B86.5,"Will the maximum temperature be 86-87° on Sep 4, 2026?",between,86.0,87.0,finalized,no,0.0,2026-09-03 20:05:00+00:00,2026-09-03 20:10:00+00:00,0.06,0.07,0.9299999999999999,0.94,LIVE,LIVE,2026-09-28T01:04:50.718674+00:00,20:05,0.065,0.010000000000000009,0.0625,5.0,0,83.89464575859886,0.14950219093575493,2.2874062872064487,84.0441479495346,85.92929148027977,1.7895198656200197,4.681745999244015,83.82892281168684,1.4890523045397774,87.68174599924401,83.86183411901769,3.819911880226335,0.26211734217783217,87.0,85.98795180722891,1.0120481927710843,0.2840807909503291,86.03541992187505,83.68277279038028,2.3526471314947695,0.19590083162417582,83.0,81.78313253012048,1.216867469879518,0.2579010352476628,2.463948255248747,2.0,86.5,0.19681942171766498,0.13431942171766498,-2.70805020110221,-1.4062929008811196,1.181745999244015,-2.6381658809823136,0.5,-0.5120481927710898,-0.4645800781249534,-2.817227209619716,-3.5,-4.716867469879517,-2.4558520504653956
286,2026-09-04,KXHIGHNY-26SEP04,KXHIGHNY-26SEP04-B88.5,"Will the maximum temperature be 88-89° on Sep 4, 2026?",between,88.0,89.0,finalized,no,0.0,2026-09-03 20:05:00+00:00,2026-09-03 20:07:00+00:00,0.0,0.01,0.99,1.0,LIVE,LIVE,2026-09-28T01:04:50.718674+00:00,20:05,0.005,0.01,0.004807692307692308,2.0,0,83.89464575859886,0.14950219093575493,2.2874062872064487,84.0441479495346,85.92929148027977,1.7895198656200197,4.681745999244015,83.82892281168684,1.4890523045397774,87.68174599924401,83.86183411901769,3.819911880226335,0.26211734217783217,87.0,85.98795180722891,1.0120481927710843,0.2840807909503291,86.03541992187505,83.68277279038028,2.3526471314947695,0.19590083162417582,83.0,81.78313253012048,1.216867469879518,0.2579010352476628,2.463948255248747,2.0,88.5,0.05688193180700252,0.05207423949931021,-5.332718793265369,-2.808213731896682,-0.8182540007559851,-4.638165880982314,-1.5,-2.51204819277109,-2.4645800781249534,-4.817227209619716,-5.5,-6.716867469879517,-4.455852050465396
282,2026-09-04,KXHIGHNY-26SEP04,KXHIGHNY-26SEP04-T82,"Will the maximum temperature be <82° on Sep 4, 2026?",less,,82.0,finalized,no,0.0,2026-09-03 20:05:00+00:00,2026-09-03 20:06:00+00:00,0.25,0.26,0.74,0.75,LIVE,LIVE,2026-09-28T01:04:50.718674+00:00,20:05,0.255,0.010000000000000009,0.24519230769230768,1.0,0,83.89464575859886,0.14950219093575493,2.2874062872064487,84.0441479495346,85.92929148027977,1.7895198656200197,4.681745999244015,83.82892281168684,1.4890523045397774,87.68174599924401,83.86183411901769,3.819911880226335,0.26211734217783217,87.0,85.98795180722891,1.0120481927710843,0.2840807909503291,86.03541992187505,83.68277279038028,2.3526471314947695,0.19590083162417582,83.0,81.78313253012048,1.216867469879518,0.2579010352476628,2.463948255248747,2.0,81.5,0.1330171880163663,-0.11217511967594138,-1.1244201726239824,-1.8745407988047145,6.181745999244015,2.3618341190176864,5.5,4.48795180722891,4.535419921875047,2.182772790380284,1.5,0.2831325301204828,2.5441479495346044
287,2026-09-04,KXHIGHNY-26SEP04,KXHIGHNY-26SEP04-T89,"Will the maximum temperature be >89° on Sep 4, 2026?",greater,89.0,,finalized,no,0.0,2026-09-03 20:05:00+00:00,2026-09-03 20:13:00+00:00,0.0,0.01,0.99,1.0,LIVE,LIVE,2026-09-28T01:04:50.718674+00:00,20:05,0.005,0.01,0.004807692307692308,8.0,0,83.89464575859886,0.14950219093575493,2.2874062872064487,84.0441479495346,85.92929148027977,1.7895198656200197,4.681745999244015,83.82892281168684,1.4890523045397774,87.68174599924401,83.86183411901769,3.819911880226335,0.26211734217783217,87.0,85.98795180722891,1.0120481927710843,0.2840807909503291,86.03541992187505,83.68277279038028,2.3526471314947695,0.19590083162417582,83.0,81.78313253012048,1.216867469879518,0.2579010352476628,2.463948255248747,2.0,89.5,0.008535623450633523,0.0037279311429412147,-5.332718793265369,-4.754934618535673,-1.818254000755985,-5.638165880982314,-2.5,-3.51204819277109,-3.4645800781249534,-5.817227209619716,-6.5,-7.716867469879517,-5.455852050465396
289,2026-09-05,KXHIGHNY-26SEP05,KXHIGHNY-26SEP05-B79.5,"Will the maximum temperature be 79-80° on Sep 5, 2026?",between,79.0,80.0,finalized,yes,1.0,2026-09-04 20:05:00+00:00,2026-09-04 20:06:00+00:00,0.47,0.49,0.51,0.53,LIVE,LIVE,2026-09-28T01:04:53.171670+00:00,20:05,0.48,0.020000000000000018,0.463768115942029,1.0,1,78.90736747282318,0.1486846363147436,2.2657321867549927,79.05605210913792,80.83270152430383,1.7266789870648938,4.686772894090225,78.7343694889051,1.3734720883867875,83.50878949565276,79.69052244734289,3.818267048309879,0.2639258007706197,81.0,79.96428571428571,1.0357142857142858,0.28225381719707643,78.82201660156254,76.473145984468,2.348870617094535,0.1971472928299428,80.0,78.80952380952381,1.1904761904761905,0.256673089202361,2.1086427636642013,2.0,79.5,0.3349685241006067,-0.1287995918414223,-0.14518200984449772,-0.6857978022131519,4.008789495652763,0.19052244734288593,1.5,0.4642857142857082,-0.6779833984374619,-3.0268540155319954,0.5,-0.6904761904761898,-0.4439478908620771
290,2026-09-05,KXHIGHNY-26SEP05,KXHIGHNY-26SEP05-B81.5,"Will the maximum temperature be 81-82° on Sep 5, 2026?",between,81.0,82.0,finalized,no,0.0,2026-09-04 20:05:00+00:00,2026-09-04 20:10:00+00:00,0.2,0.21,0.79,0.8,LIVE,LIVE,2026-09-28T01:04:53.171670+00:00,20:05,0.20500000000000002,0.009999999999999981,0.19806763285024157,5.0,0,78.90736747282318,0.1486846363147436,2.2657321867549927,79.05605210913792,80.83270152430383,1.7266789870648938,4.686772894090225,78.7343694889051,1.3734720883867875,83.50878949565276,79.69052244734289,3.818267048309879,0.2639258007706197,81.0,79.96428571428571,1.0357142857142858,0.28225381719707643,78.82201660156254,76.473145984468,2.348870617094535,0.1971472928299428,80.0,78.80952380952381,1.1904761904761905,0.256673089202361,2.1086427636642013,2.0,81.5,0.1977116414754685,-0.00035599137477307363,-1.3984157216522353,-1.4006584795340111,2.0087894956527634,-1.809477552657114,-0.5,-1.5357142857142918,-2.677983398437462,-5.026854015531995,-1.5,-2.69047619047619,-2.443947890862077
291,2026-09-05,KXHIGHNY-26SEP05,KXHIGHNY-26SEP05-B83.5,"Will the maximum temperature be 83-84° on Sep 5, 2026?",between,83.0,84.0,finalized,no,0.0,2026-09-04 20:05:00+00:00,2026-09-04 20:06:00+00:00,0.01,0.02,0.98,0.99,LIVE,LIVE,2026-09-28T01:04:53.171670+00:00,20:05,0.015,0.01,0.014492753623188406,1.0,0,78.90736747282318,0.1486846363147436,2.2657321867549927,79.05605210913792,80.83270152430383,1.7266789870648938,4.686772894090225,78.7343694889051,1.3734720883867875,83.50878949565276,79.69052244734289,3.818267048309879,0.2639258007706197,81.0,79.96428571428571,1.0357142857142858,0.28225381719707643,78.82201660156254,76.473145984468,2.348870617094535,0.1971472928299428,80.0,78.80952380952381,1.1904761904761905,0.256673089202361,2.1086427636642013,2.0,83.5,0.05611700068116854,0.04162424705798013,-4.219507705176107,-2.8225634079989526,0.008789495652763435,-3.809477552657114,-2.5,-3.535714285714292,-4.677983398437462,-7.026854015531995,-3.5,-4.69047619047619,-4.443947890862077
292,2026-09-05,KXHIGHNY-26SEP05,KXHIGHNY-26SEP05-B85.5,"Will the maximum temperature be 85-86° on Sep 5, 2026?",between,85.0,86.0,finalized,no,0.0,2026-09-04 20:05:00+00:00,2026-09-04 20:06:00+00:00,0.01,0.02,0.98,0.99,LIVE,LIVE,2026-09-28T01:04:53.171670+00:00,20:05,0.015,0.01,0.014492753623188406,1.0,0,78.90736747282318,0.1486846363147436,2.2657321867549927,79.05605210913792,80.83270152430383,1.7266789870648938,4.686772894090225,78.7343694889051,1.3734720883867875,83.50878949565276,79.69052244734289,3.818267048309879,0.2639258007706197,81.0,79.96428571428571,1.0357142857142858,0.28225381719707643,78.82201660156254,76.473145984468,2.348870617094535,0.1971472928299428,80.0,78.80952380952381,1.1904761904761905,0.256673089202361,2.1086427636642013,2.0,85.5,0.00762744818812322,-0.006865305435065186,-4.219507705176107,-4.868345248230722,-1.9912105043472366,-5.809477552657114,-4.5,-5.535714285714292,-6.677983398437462,-9.026854015531995,-5.5,-6.69047619047619,-6.443947890862077
288,2026-09-05,KXHIGHNY-26SEP05,KXHIGHNY-26SEP05-T79,"Will the maximum temperature be <79° on Sep 5, 2026?",less,,79.0,finalized,no,0.0,2026-09-04 20:05:00+00:00,2026-09-04 20:06:00+00:00,0.31,0.32,0.6799999999999999,0.69,LIVE,LIVE,2026-09-28T01:04:53.171670+00:00,20:05,0.315,0.010000000000000009,0.30434782608695654,1.0,0,78.90736747282318,0.1486846363147436,2.2657321867549927,79.05605210913792,80.83270152430383,1.7266789870648938,4.686772894090225,78.7343694889051,1.3734720883867875,83.50878949565276,79.69052244734289,3.818267048309879,0.2639258007706197,81.0,79.96428571428571,1.0357142857142858,0.28225381719707643,78.82201660156254,76.473145984468,2.348870617094535,0.1971472928299428,80.0,78.80952380952381,1.1904761904761905,0.256673089202361,2.1086427636642013,2.0,78.5,0.403066285961789,0.09871845987483246,-0.8266785731844678,-0.39270504575044934,5.008789495652763,1.190522447342886,2.5,1.4642857142857082,0.3220166015625381,-2.0268540155319954,1.5,0.3095238095238102,0.5560521091379229
293,2026-09-05,KXHIGHNY-26SEP05,KXHIGHNY-26SEP05-T86,"Will the maximum temperature be >86° on Sep 5, 2026?",greater,86.0,,finalized,no,0.0,2026-09-04 20:05:00+00:00,2026-09-04 20:34:00+00:00,0.0,0.01,0.99,1.0,LIVE,LIVE,2026-09-28T01:04:53.171670+00:00,20:05,0.005,0.01,0.004830917874396136,29.0,0,78.90736747282318,0.1486846363147436,2.2657321867549927,79.05605210913792,80.83270152430383,1.7266789870648938,4.686772894090225,78.7343694889051,1.3734720883867875,83.50878949565276,79.69052244734289,3.818267048309879,0.2639258007706197,81.0,79.96428571428571,1.0357142857142858,0.28225381719707643,78.82201660156254,76.473145984468,2.348870617094535,0.1971472928299428,80.0,78.80952380952381,1.1904761904761905,0.256673089202361,2.1086427636642013,2.0,86.5,0.0005090995928440645,-0.004321818281552071,-5.327876168789581,-6.906754778648554,-2.9912105043472366,-6.809477552657114,-5.5,-6.535714285714292,-7.677983398437462,-10.026854015531995,-6.5,-7.69047619047619,-7.443947890862077
295,2026-09-06,KXHIGHNY-26SEP06,KXHIGHNY-26SEP06-B73.5,"Will the maximum temperature be 73-74° on Sep 6, 2026?",between,73.0,74.0,finalized,no,0.0,2026-09-05 20:05:00+00:00,2026-09-05 20:06:00+00:00,0.39,0.4,0.6,0.61,LIVE,LIVE,2026-09-28T01:04:55.559409+00:00,20:05,0.395,0.010000000000000009,0.38349514563106796,1.0,0,71.34738393488195,0.1476655070576904,2.2446678746563307,71.49504944193964,73.30240426340413,2.4124559328228012,5.199925537109337,71.20719729284181,2.352654423637466,75.40954259072586,71.58315174891783,3.8263908418080304,0.2642000269676801,71.0,69.95294117647059,1.0470588235294118,0.2818689116155629,70.80007446289066,68.4809315400965,2.3191429227941587,0.19615583102807163,76.0,74.81176470588235,1.188235294117647,0.2577752303886854,2.694493976059424,3.0,73.5,0.23684962463442383,-0.14664552099664413,-0.47473923399156975,-1.1700296516799842,1.909542590725863,-1.9168482510821718,-2.5,-3.5470588235294116,-2.699925537109337,-5.019068459903494,2.5,1.3117647058823536,-2.004950558060358
296,2026-09-06,KXHIGHNY-26SEP06,KXHIGHNY-26SEP06-B75.5,"Will the maximum temperature be 75-76° on Sep 6, 2026?",between,75.0,76.0,finalized,yes,1.0,2026-09-05 20:05:00+00:00,2026-09-05 20:06:00+00:00,0.32,0.33,0.6699999999999999,0.6799999999999999,LIVE,LIVE,2026-09-28T01:04:55.559409+00:00,20:05,0.325,0.010000000000000009,0.3155339805825243,1.0,1,71.34738393488195,0.1476655070576904,2.2446678746563307,71.49504944193964,73.30240426340413,2.4124559328228012,5.199925537109337,71.20719729284181,2.352654423637466,75.40954259072586,71.58315174891783,3.8263908418080304,0.2642000269676801,71.0,69.95294117647059,1.0470588235294118,0.2818689116155629,70.80007446289066,68.4809315400965,2.3191429227941587,0.19615583102807163,76.0,74.81176470588235,1.188235294117647,0.2577752303886854,2.694493976059424,3.0,75.5,0.07744971922567445,-0.23808426135684985,-0.774372620482531,-2.4775129377108387,-0.09045740927413704,-3.916848251082172,-4.5,-5.547058823529412,-4.699925537109337,-7.019068459903494,0.5,-0.6882352941176464,-4.004950558060358
297,2026-09-06,KXHIGHNY-26SEP06,KXHIGHNY-26SEP06-B77.5,"Will the maximum temperature be 77-78° on Sep 6, 2026?",between,77.0,78.0,finalized,no,0.0,2026-09-05 20:05:00+00:00,2026-09-05 20:07:00+00:00,0.04,0.05,0.95,0.96,LIVE,LIVE,2026-09-28T01:04:55.559409+00:00,20:05,0.045,0.010000000000000002,0.04368932038834951,2.0,0,71.34738393488195,0.1476655070576904,2.2446678746563307,71.49504944193964,73.30240426340413,2.4124559328228012,5.199925537109337,71.20719729284181,2.352654423637466,75.40954259072586,71.58315174891783,3.8263908418080304,0.2642000269676801,71.0,69.95294117647059,1.0470588235294118,0.2818689116155629,70.80007446289066,68.4809315400965,2.3191429227941587,0.19615583102807163,76.0,74.81176470588235,1.188235294117647,0.2577752303886854,2.694493976059424,3.0,77.5,0.011981379435980655,-0.031707940952368854,-3.0859791514017694,-4.4123478133297835,-2.090457409274137,-5.916848251082172,-6.5,-7.547058823529412,-6.699925537109337,-9.019068459903494,-1.5,-2.6882352941176464,-6.004950558060358
298,2026-09-06,KXHIGHNY-26SEP06,KXHIGHNY-26SEP06-B79.5,"Will the maximum temperature be 79-80° on Sep 6, 2026?",between,79.0,80.0,finalized,no,0.0,2026-09-05 20:05:00+00:00,2026-09-05 20:06:00+00:00,0.01,0.02,0.98,0.99,LIVE,LIVE,2026-09-28T01:04:55.559409+00:00,20:05,0.015,0.01,0.014563106796116504,1.0,0,71.34738393488195,0.1476655070576904,2.2446678746563307,71.49504944193964,73.30240426340413,2.4124559328228012,5.199925537109337,71.20719729284181,2.352654423637466,75.40954259072586,71.58315174891783,3.8263908418080304,0.2642000269676801,71.0,69.95294117647059,1.0470588235294118,0.2818689116155629,70.80007446289066,68.4809315400965,2.3191429227941587,0.19615583102807163,76.0,74.81176470588235,1.188235294117647,0.2577752303886854,2.694493976059424,3.0,79.5,0.0008719468925022511,-0.013691159903614252,-4.214593690373678,-6.906754778648554,-4.090457409274137,-7.916848251082172,-8.5,-9.547058823529412,-8.699925537109337,-11.019068459903494,-3.5,-4.688235294117646,-8.004950558060358
294,2026-09-06,KXHIGHNY-26SEP06,KXHIGHNY-26SEP06-T73,"Will the maximum temperature be <73° on Sep 6, 2026?",less,,73.0,finalized,no,0.0,2026-09-05 20:05:00+00:00,2026-09-05 20:10:00+00:00,0.24,0.25,0.75,0.76,LIVE,LIVE,2026-09-28T01:04:55.559409+00:00,20:05,0.245,0.010000000000000009,0.2378640776699029,5.0,0,71.34738393488195,0.1476655070576904,2.2446678746563307,71.49504944193964,73.30240426340413,2.4124559328228012,5.199925537109337,71.20719729284181,2.352654423637466,75.40954259072586,71.58315174891783,3.8263908418080304,0.2642000269676801,71.0,69.95294117647059,1.0470588235294118,0.2818689116155629,70.80007446289066,68.4809315400965,2.3191429227941587,0.19615583102807163,76.0,74.81176470588235,1.188235294117647,0.2577752303886854,2.694493976059424,3.0,72.5,0.6728171892092387,0.4349531115393358,-1.1644255072376815,0.7209545880070374,2.909542590725863,-0.9168482510821718,-1.5,-2.5470588235294116,-1.699925537109337,-4.019068459903494,3.5,2.3117647058823536,-1.004950558060358
299,2026-09-06,KXHIGHNY-26SEP06,KXHIGHNY-26SEP06-T80,"Will the maximum temperature be >80° on Sep 6, 2026?",greater,80.0,,finalized,no,0.0,2026-09-05 20:05:00+00:00,2026-09-05 20:06:00+00:00,0.0,0.01,0.99,1.0,LIVE,LIVE,2026-09-28T01:04:55.559409+00:00,20:05,0.005,0.01,0.0048543689320388345,1.0,0,71.34738393488195,0.1476655070576904,2.2446678746563307,71.49504944193964,73.30240426340413,2.4124559328228012,5.199925537109337,71.20719729284181,2.352654423637466,75.40954259072586,71.58315174891783,3.8263908418080304,0.2642000269676801,71.0,69.95294117647059,1.0470588235294118,0.2818689116155629,70.80007446289066,68.4809315400965,2.3191429227941587,0.19615583102807163,76.0,74.81176470588235,1.188235294117647,0.2577752303886854,2.694493976059424,3.0,80.5,3.01406021800954e-05,-0.004824228329858739,-5.3230099791384085,-6.906754778648554,-5.090457409274137,-8.916848251082172,-9.5,-10.547058823529412,-9.699925537109337,-12.019068459903494,-4.5,-5.688235294117646,-9.004950558060358
301,2026-09-08,KXHIGHNY-26SEP08,KXHIGHNY-26SEP08-B80.5,"Will the maximum temperature be 80-81° on Sep 8, 2026?",between,80.0,81.0,finalized,yes,1.0,2026-09-07 20:05:00+00:00,2026-09-07 20:06:00+00:00,0.46,0.47,0.53,0.54,LIVE,LIVE,2026-09-28T01:05:00.630484+00:00,20:05,0.46499999999999997,0.009999999999999953,0.47208121827411165,1.0,1,80.69541174348382,0.22872399114739614,2.283536591342727,80.92413573463121,82.75695172709806,1.068857880188962,2.886680199407806,80.72117498027956,0.7285497027048027,83.8866801994078,80.11196706147383,3.7747131379339693,0.2644525215886282,81.0,80.02298850574712,0.9770114942528736,0.2783504550364787,83.14112670898442,80.92215814700072,2.2189685619836976,0.19456439539493978,83.0,81.82758620689656,1.1724137931034482,0.2626326279799534,1.3857621802817048,2.0,80.5,0.33312180914773426,-0.1389594091263774,-0.11179140598811681,-0.694099190496877,3.386680199407806,-0.38803293852616605,0.5,-0.4770114942528778,2.641126708984416,0.4221581470007152,2.5,1.3275862068965552,0.42413573463120713
302,2026-09-08,KXHIGHNY-26SEP08,KXHIGHNY-26SEP08-B82.5,"Will the maximum temperature be 82-83° on Sep 8, 2026?",between,82.0,83.0,finalized,no,0.0,2026-09-07 20:05:00+00:00,2026-09-07 20:09:00+00:00,0.36,0.38,0.62,0.64,LIVE,LIVE,2026-09-28T01:05:00.630484+00:00,20:05,0.37,0.020000000000000018,0.3756345177664975,4.0,0,80.69541174348382,0.22872399114739614,2.283536591342727,80.92413573463121,82.75695172709806,1.068857880188962,2.886680199407806,80.72117498027956,0.7285497027048027,83.8866801994078,80.11196706147383,3.7747131379339693,0.2644525215886282,81.0,80.02298850574712,0.9770114942528736,0.2783504550364787,83.14112670898442,80.92215814700072,2.2189685619836976,0.19456439539493978,83.0,81.82758620689656,1.1724137931034482,0.2626326279799534,1.3857621802817048,2.0,82.5,0.270793904369217,-0.10484061339728046,-0.5081192621682477,-0.9905983710397277,1.386680199407806,-2.388032938526166,-1.5,-2.477011494252878,0.6411267089844159,-1.5778418529992848,0.5,-0.6724137931034448,-1.5758642653687929
303,2026-09-08,KXHIGHNY-26SEP08,KXHIGHNY-26SEP08-B84.5,"Will the maximum temperature be 84-85° on Sep 8, 2026?",between,84.0,85.0,finalized,no,0.0,2026-09-07 20:05:00+00:00,2026-09-07 20:08:00+00:00,0.05,0.06,0.94,0.95,LIVE,LIVE,2026-09-28T01:05:00.630484+00:00,20:05,0.055,0.009999999999999995,0.05583756345177665,3.0,0,80.69541174348382,0.22872399114739614,2.283536591342727,80.92413573463121,82.75695172709806,1.068857880188962,2.886680199407806,80.72117498027956,0.7285497027048027,83.8866801994078,80.11196706147383,3.7747131379339693,0.2644525215886282,81.0,80.02298850574712,0.9770114942528736,0.2783504550364787,83.14112670898442,80.92215814700072,2.2189685619836976,0.19456439539493978,83.0,81.82758620689656,1.1724137931034482,0.2626326279799534,1.3857621802817048,2.0,84.5,0.10711364601478668,0.05127608256301003,-2.8278514009148306,-2.120568926495959,-0.613319800592194,-4.388032938526166,-3.5,-4.477011494252878,-1.358873291015584,-3.577841852999285,-1.5,-2.672413793103445,-3.575864265368793
304,2026-09-08,KXHIGHNY-26SEP08,KXHIGHNY-26SEP08-B86.5,"Will the maximum temperature be 86-87° on Sep 8, 2026?",between,86.0,87.0,finalized,no,0.0,2026-09-07 20:05:00+00:00,2026-09-07 20:07:00+00:00,0.01,0.02,0.98,0.99,LIVE,LIVE,2026-09-28T01:05:00.630484+00:00,20:05,0.015,0.01,0.015228426395939085,2.0,0,80.69541174348382,0.22872399114739614,2.283536591342727,80.92413573463121,82.75695172709806,1.068857880188962,2.886680199407806,80.72117498027956,0.7285497027048027,83.8866801994078,80.11196706147383,3.7747131379339693,0.2644525215886282,81.0,80.02298850574712,0.9770114942528736,0.2783504550364787,83.14112670898442,80.92215814700072,2.2189685619836976,0.19456439539493978,83.0,81.82758620689656,1.1724137931034482,0.2626326279799534,1.3857621802817048,2.0,86.5,0.020552709617431608,0.005324283221492523,-4.169245870395218,-3.863995636044219,-2.613319800592194,-6.388032938526166,-5.5,-6.477011494252878,-3.358873291015584,-5.577841852999285,-3.5,-4.672413793103445,-5.575864265368793
300,2026-09-08,KXHIGHNY-26SEP08,KXHIGHNY-26SEP08-T80,"Will the maximum temperature be <80° on Sep 8, 2026?",less,,80.0,finalized,no,0.0,2026-09-07 20:05:00+00:00,2026-09-07 20:07:00+00:00,0.07,0.08,0.92,0.9299999999999999,LIVE,LIVE,2026-09-28T01:05:00.630484+00:00,20:05,0.07500000000000001,0.009999999999999995,0.07614213197969544,2.0,0,80.69541174348382,0.22872399114739614,2.283536591342727,80.92413573463121,82.75695172709806,1.068857880188962,2.886680199407806,80.72117498027956,0.7285497027048027,83.8866801994078,80.11196706147383,3.7747131379339693,0.2644525215886282,81.0,80.02298850574712,0.9770114942528736,0.2783504550364787,83.14112670898442,80.92215814700072,2.2189685619836976,0.19456439539493978,83.0,81.82758620689656,1.1724137931034482,0.2626326279799534,1.3857621802817048,2.0,79.5,0.26642756248979993,0.1902854305101045,-2.495956485974585,-1.0128239525715683,4.386680199407806,0.611967061473834,1.5,0.5229885057471222,3.641126708984416,1.4221581470007152,3.5,2.327586206896555,1.4241357346312071
305,2026-09-08,KXHIGHNY-26SEP08,KXHIGHNY-26SEP08-T87,"Will the maximum temperature be >87° on Sep 8, 2026?",greater,87.0,,finalized,no,0.0,2026-09-07 20:05:00+00:00,2026-09-07 20:07:00+00:00,0.0,0.01,0.99,1.0,LIVE,LIVE,2026-09-28T01:05:00.630484+00:00,20:05,0.005,0.01,0.005076142131979696,2.0,0,80.69541174348382,0.22872399114739614,2.283536591342727,80.92413573463121,82.75695172709806,1.068857880188962,2.886680199407806,80.72117498027956,0.7285497027048027,83.8866801994078,80.11196706147383,3.7747131379339693,0.2644525215886282,81.0,80.02298850574712,0.9770114942528736,0.2783504550364787,83.14112670898442,80.92215814700072,2.2189685619836976,0.19456439539493978,83.0,81.82758620689656,1.1724137931034482,0.2626326279799534,1.3857621802817048,2.0,87.5,0.0019903683610305034,-0.0030857737709491925,-5.278114659230517,-6.217443199553875,-3.613319800592194,-7.388032938526166,-6.5,-7.477011494252878,-4.358873291015584,-6.577841852999285,-4.5,-5.672413793103445,-6.575864265368793
307,2026-09-09,KXHIGHNY-26SEP09,KXHIGHNY-26SEP09-B84.5,"Will the maximum temperature be 84-85° on Sep 9, 2026?",between,84.0,85.0,finalized,no,0.0,2026-09-08 20:05:00+00:00,2026-09-08 20:07:00+00:00,0.41,0.42,0.5800000000000001,0.5900000000000001,LIVE,LIVE,2026-09-28T01:05:03.112479+00:00,20:05,0.415,0.010000000000000009,0.3952380952380952,2.0,0,83.76396553304986,0.2127906164123752,2.266667337354602,83.97675614946223,85.84025605232486,1.1139641286643363,3.0,83.79628413527593,1.2897924039369582,86.16366581086191,82.38768031995666,3.775985490905262,0.2653310329745364,84.0,83.02272727272727,0.9772727272727273,0.2794366346027436,86.19735839843754,83.96791076660156,2.2294476318359786,0.1945026002800064,87.0,85.80681818181819,1.1931818181818181,0.2607297321427137,1.310071589023507,2.0,84.5,0.33251056398097845,-0.06272753125711678,-0.42534647866199343,-0.6968519329978641,1.6636658108619145,-2.112319680043342,-0.5,-1.4772727272727337,1.6973583984375438,-0.5320892333984375,2.5,1.306818181818187,-0.5232438505377672
308,2026-09-09,KXHIGHNY-26SEP09,KXHIGHNY-26SEP09-B86.5,"Will the maximum temperature be 86-87° on Sep 9, 2026?",between,86.0,87.0,finalized,no,0.0,2026-09-08 20:05:00+00:00,2026-09-08 20:06:00+00:00,0.18,0.19,0.81,0.8200000000000001,LIVE,LIVE,2026-09-28T01:05:03.112479+00:00,20:05,0.185,0.010000000000000009,0.17619047619047618,1.0,0,83.76396553304986,0.2127906164123752,2.266667337354602,83.97675614946223,85.84025605232486,1.1139641286643363,3.0,83.79628413527593,1.2897924039369582,86.16366581086191,82.38768031995666,3.775985490905262,0.2653310329745364,84.0,83.02272727272727,0.9772727272727273,0.2794366346027436,86.19735839843754,83.96791076660156,2.2294476318359786,0.1945026002800064,87.0,85.80681818181819,1.1931818181818181,0.2607297321427137,1.310071589023507,2.0,86.5,0.19073787884173876,0.014547402651262586,-1.5423736818535545,-1.445222747545657,-0.33633418913808555,-4.112319680043342,-2.5,-3.4772727272727337,-0.30264160156245623,-2.5320892333984375,0.5,-0.693181818181813,-2.5232438505377672
309,2026-09-09,KXHIGHNY-26SEP09,KXHIGHNY-26SEP09-B88.5,"Will the maximum temperature be 88-89° on Sep 9, 2026?",between,88.0,89.0,finalized,no,0.0,2026-09-08 20:05:00+00:00,2026-09-08 20:06:00+00:00,0.03,0.04,0.96,0.97,LIVE,LIVE,2026-09-28T01:05:03.112479+00:00,20:05,0.035,0.010000000000000002,0.03333333333333333,1.0,0,83.76396553304986,0.2127906164123752,2.266667337354602,83.97675614946223,85.84025605232486,1.1139641286643363,3.0,83.79628413527593,1.2897924039369582,86.16366581086191,82.38768031995666,3.775985490905262,0.2653310329745364,84.0,83.02272727272727,0.9772727272727273,0.2794366346027436,86.19735839843754,83.96791076660156,2.2294476318359786,0.1945026002800064,87.0,85.80681818181819,1.1931818181818181,0.2607297321427137,1.310071589023507,2.0,88.5,0.05263739167696757,0.019304058343634238,-3.367295829986474,-2.8902551864541897,-2.3363341891380855,-6.112319680043342,-4.5,-5.477272727272734,-2.3026416015624562,-4.5320892333984375,-1.5,-2.693181818181813,-4.523243850537767
310,2026-09-09,KXHIGHNY-26SEP09,KXHIGHNY-26SEP09-B90.5,"Will the maximum temperature be 90-91° on Sep 9, 2026?",between,90.0,91.0,finalized,no,0.0,2026-09-08 20:05:00+00:00,2026-09-08 20:06:00+00:00,0.01,0.02,0.98,0.99,LIVE,LIVE,2026-09-28T01:05:03.112479+00:00,20:05,0.015,0.01,0.014285714285714285,1.0,0,83.76396553304986,0.2127906164123752,2.266667337354602,83.97675614946223,85.84025605232486,1.1139641286643363,3.0,83.79628413527593,1.2897924039369582,86.16366581086191,82.38768031995666,3.775985490905262,0.2653310329745364,84.0,83.02272727272727,0.9772727272727273,0.2794366346027436,86.19735839843754,83.96791076660156,2.2294476318359786,0.1945026002800064,87.0,85.80681818181819,1.1931818181818181,0.2607297321427137,1.310071589023507,2.0,90.5,0.006958905705372054,-0.0073268085803422315,-4.23410650459726,-4.960749811426044,-4.3363341891380855,-8.112319680043342,-6.5,-7.477272727272734,-4.302641601562456,-6.5320892333984375,-3.5,-4.693181818181813,-6.523243850537767
306,2026-09-09,KXHIGHNY-26SEP09,KXHIGHNY-26SEP09-T84,"Will the maximum temperature be <84° on Sep 9, 2026?",less,,84.0,finalized,yes,1.0,2026-09-08 20:05:00+00:00,2026-09-08 20:06:00+00:00,0.39,0.4,0.6,0.61,LIVE,LIVE,2026-09-28T01:05:03.112479+00:00,20:05,0.395,0.010000000000000009,0.3761904761904762,1.0,1,83.76396553304986,0.2127906164123752,2.266667337354602,83.97675614946223,85.84025605232486,1.1139641286643363,3.0,83.79628413527593,1.2897924039369582,86.16366581086191,82.38768031995666,3.775985490905262,0.2653310329745364,84.0,83.02272727272727,0.9772727272727273,0.2794366346027436,86.19735839843754,83.96791076660156,2.2294476318359786,0.1945026002800064,87.0,85.80681818181819,1.1931818181818181,0.2607297321427137,1.310071589023507,2.0,83.5,0.41670368248910394,0.04051320629862776,-0.50574947073413,-0.33631994488421796,2.6636658108619145,-1.112319680043342,0.5,-0.47727272727273373,2.6973583984375438,0.4679107666015625,3.5,2.306818181818187,0.47675614946223277
311,2026-09-09,KXHIGHNY-26SEP09,KXHIGHNY-26SEP09-T91,"Will the maximum temperature be >91° on Sep 9, 2026?",greater,91.0,,finalized,no,0.0,2026-09-08 20:05:00+00:00,2026-09-08 20:38:00+00:00,0.0,0.01,0.99,1.0,LIVE,LIVE,2026-09-28T01:05:03.112479+00:00,20:05,0.005,0.01,0.0047619047619047615,33.0,0,83.76396553304986,0.2127906164123752,2.266667337354602,83.97675614946223,85.84025605232486,1.1139641286643363,3.0,83.79628413527593,1.2897924039369582,86.16366581086191,82.38768031995666,3.775985490905262,0.2653310329745364,84.0,83.02272727272727,0.9772727272727273,0.2794366346027436,86.19735839843754,83.96791076660156,2.2294476318359786,0.1945026002800064,87.0,85.80681818181819,1.1931818181818181,0.2607297321427137,1.310071589023507,2.0,91.5,0.0004515773058392236,-0.004310327456065538,-5.342334251964811,-6.906754778648554,-5.3363341891380855,-9.112319680043342,-7.5,-8.477272727272734,-5.302641601562456,-7.5320892333984375,-4.5,-5.693181818181813,-7.523243850537767
313,2026-09-10,KXHIGHNY-26SEP10,KXHIGHNY-26SEP10-B85.5,"Will the maximum temperature be 85-86° on Sep 10, 2026?",between,85.0,86.0,finalized,no,0.0,2026-09-09 20:05:00+00:00,2026-09-09 20:06:00+00:00,0.39,0.4,0.6,0.61,LIVE,LIVE,2026-09-28T01:05:05.489157+00:00,20:05,0.395,0.010000000000000009,0.3910891089108911,1.0,0,85.7550278528693,0.17928627489606622,2.2617312624305583,85.93431412776538,87.94378639467303,1.553007818007474,4.023676757812538,85.87963150981199,1.190455493422538,88.75146882087955,84.97112737132309,3.7803414495564605,0.267264617071425,87.0,86.01123595505618,0.9887640449438202,0.2808214631558408,90.02367675781254,87.77211776904845,2.251558988764086,0.19460935049196953,86.0,84.76404494382022,1.2359550561797752,0.2573045692807647,2.020824470520558,3.0,85.5,0.3357634938953598,-0.05532561501553129,-0.4427365029053959,-0.6822312450484438,3.251468820879552,-0.5288726286769077,1.5,0.5112359550561791,4.523676757812538,2.2721177690484495,0.5,-0.7359550561797761,0.4343141277653757
314,2026-09-10,KXHIGHNY-26SEP10,KXHIGHNY-26SEP10-B87.5,"Will the maximum temperature be 87-88° on Sep 10, 2026?",between,87.0,88.0,finalized,no,0.0,2026-09-09 20:05:00+00:00,2026-09-09 20:06:00+00:00,0.31,0.32,0.6799999999999999,0.69,LIVE,LIVE,2026-09-28T01:05:05.489157+00:00,20:05,0.315,0.010000000000000009,0.3118811881188119,1.0,0,85.7550278528693,0.17928627489606622,2.2617312624305583,85.93431412776538,87.94378639467303,1.553007818007474,4.023676757812538,85.87963150981199,1.190455493422538,88.75146882087955,84.97112737132309,3.7803414495564605,0.267264617071425,87.0,86.01123595505618,0.9887640449438202,0.2808214631558408,90.02367675781254,87.77211776904845,2.251558988764086,0.19460935049196953,86.0,84.76404494382022,1.2359550561797752,0.2573045692807647,2.020824470520558,3.0,87.5,0.2729349666963231,-0.03894622142248877,-0.791339206739159,-0.9797823782935082,1.251468820879552,-2.5288726286769077,-0.5,-1.4887640449438209,2.523676757812538,0.27211776904844953,-1.5,-2.735955056179776,-1.5656858722346243
315,2026-09-10,KXHIGHNY-26SEP10,KXHIGHNY-26SEP10-B89.5,"Will the maximum temperature be 89-90° on Sep 10, 2026?",between,89.0,90.0,finalized,no,0.0,2026-09-09 20:05:00+00:00,2026-09-09 20:06:00+00:00,0.03,0.04,0.96,0.97,LIVE,LIVE,2026-09-28T01:05:05.489157+00:00,20:05,0.035,0.010000000000000002,0.034653465346534656,1.0,0,85.7550278528693,0.17928627489606622,2.2617312624305583,85.93431412776538,87.94378639467303,1.553007818007474,4.023676757812538,85.87963150981199,1.190455493422538,88.75146882087955,84.97112737132309,3.7803414495564605,0.267264617071425,87.0,86.01123595505618,0.9887640449438202,0.2808214631558408,90.02367675781254,87.77211776904845,2.251558988764086,0.19460935049196953,86.0,84.76404494382022,1.2359550561797752,0.2573045692807647,2.020824470520558,3.0,89.5,0.10655460732617661,0.07190114197964195,-3.3270894095084333,-2.1264276179426718,-0.7485311791204481,-4.528872628676908,-2.5,-3.488764044943821,0.5236767578125381,-1.7278822309515505,-3.5,-4.735955056179776,-3.5656858722346243
316,2026-09-10,KXHIGHNY-26SEP10,KXHIGHNY-26SEP10-B91.5,"Will the maximum temperature be 91-92° on Sep 10, 2026?",between,91.0,92.0,finalized,no,0.0,2026-09-09 20:05:00+00:00,2026-09-09 20:06:00+00:00,0.01,0.02,0.98,0.99,LIVE,LIVE,2026-09-28T01:05:05.489157+00:00,20:05,0.015,0.01,0.01485148514851485,1.0,0,85.7550278528693,0.17928627489606622,2.2617312624305583,85.93431412776538,87.94378639467303,1.553007818007474,4.023676757812538,85.87963150981199,1.190455493422538,88.75146882087955,84.97112737132309,3.7803414495564605,0.267264617071425,87.0,86.01123595505618,0.9887640449438202,0.2808214631558408,90.02367675781254,87.77211776904845,2.251558988764086,0.19460935049196953,86.0,84.76404494382022,1.2359550561797752,0.2573045692807647,2.020824470520558,3.0,91.5,0.01991249180575949,0.0050610066572446405,-4.194692536056383,-3.896294598030204,-2.748531179120448,-6.528872628676908,-4.5,-5.488764044943821,-1.476323242187462,-3.7278822309515505,-5.5,-6.735955056179776,-5.565685872234624
312,2026-09-10,KXHIGHNY-26SEP10,KXHIGHNY-26SEP10-T85,"Will the maximum temperature be <85° on Sep 10, 2026?",less,,85.0,finalized,yes,1.0,2026-09-09 20:05:00+00:00,2026-09-09 20:06:00+00:00,0.24,0.25,0.75,0.76,LIVE,LIVE,2026-09-28T01:05:05.489157+00:00,20:05,0.245,0.010000000000000009,0.24257425742574257,1.0,1,85.7550278528693,0.17928627489606622,2.2617312624305583,85.93431412776538,87.94378639467303,1.553007818007474,4.023676757812538,85.87963150981199,1.190455493422538,88.75146882087955,84.97112737132309,3.7803414495564605,0.267264617071425,87.0,86.01123595505618,0.9887640449438202,0.2808214631558408,90.02367675781254,87.77211776904845,2.251558988764086,0.19460935049196953,86.0,84.76404494382022,1.2359550561797752,0.2573045692807647,2.020824470520558,3.0,84.5,0.26298609402757483,0.020411836601832267,-1.138617623281809,-1.030505603999267,4.251468820879552,0.47112737132309235,2.5,1.5112359550561791,5.523676757812538,3.2721177690484495,1.5,0.2640449438202239,1.4343141277653757
317,2026-09-10,KXHIGHNY-26SEP10,KXHIGHNY-26SEP10-T92,"Will the maximum temperature be >92° on Sep 10, 2026?",greater,92.0,,finalized,no,0.0,2026-09-09 20:05:00+00:00,2026-09-09 20:06:00+00:00,0.0,0.01,0.99,1.0,LIVE,LIVE,2026-09-28T01:05:05.489157+00:00,20:05,0.005,0.01,0.0049504950495049506,1.0,0,85.7550278528693,0.17928627489606622,2.2617312624305583,85.93431412776538,87.94378639467303,1.553007818007474,4.023676757812538,85.87963150981199,1.190455493422538,88.75146882087955,84.97112737132309,3.7803414495564605,0.267264617071425,87.0,86.01123595505618,0.9887640449438202,0.2808214631558408,90.02367675781254,87.77211776904845,2.251558988764086,0.19460935049196953,86.0,84.76404494382022,1.2359550561797752,0.2573045692807647,2.020824470520558,3.0,92.5,0.001848346248806143,-0.0031021488006988075,-5.303304908059076,-6.291613902691969,-3.748531179120448,-7.528872628676908,-5.5,-6.488764044943821,-2.476323242187462,-4.7278822309515505,-6.5,-7.735955056179776,-6.565685872234624
